event_id,user_id,movie_id,watch_started,watch_minutes,completed,device,country
1,433,41,2025-12-25 12:28:51.956704,19,True,Web,ID
2,20,33,2026-02-22 03:29:02.142202,29,True,Web,MY
3,369,9,2026-04-30 19:48:31.060952,51,True,Tablet,MY
4,484,20,2026-04-15 16:32:23.649899,47,True,TV,ID
5,157,30,2026-02-04 09:05:43.206810,18,False,TV,MY
6,366,31,2025-08-24 16:20:53.188781,79,False,Web,SG
7,397,74,2025-12-29 21:24:07.494972,137,True,Mobile,SG
8,104,183,2025-12-05 02:03:52.744030,125,False,Tablet,PH
9,202,171,2025-08-29 12:56:49.274276,100,False,Web,SG
10,190,41,2026-06-06 14:47:00.810287,56,False,TV,SG
11,126,36,2026-02-20 22:51:43.642402,72,False,Mobile,MY
12,231,120,2026-06-13 13:32:27.579605,45,True,Mobile,SG
13,458,185,2026-03-20 21:29:59.124571,134,True,Tablet,TH
14,44,33,2025-12-18 16:52:41.645209,93,True,TV,ID
15,217,33,2025-11-03 03:43:08.097335,58,False,Mobile,MY
16,33,32,2025-09-13 00:43:09.115096,144,True,Mobile,SG
17,452,58,2025-12-20 05:09:26.538700,100,False,Web,SG
18,48,65,2025-07-18 01:37:45.075378,62,True,Web,SG
19,192,158,2025-11-07 00:59:00.616277,148,True,Web,MY
20,378,40,2025-07-10 17:51:06.666117,55,True,Web,ID
21,367,11,2025-09-08 15:08:06.887504,19,True,Tablet,ID
22,167,167,2026-05-22 15:30:44.663636,65,False,TV,ID
23,322,161,2025-11-04 01:14:45.941048,86,True,TV,SG
24,436,104,2025-12-13 15:39:17.650879,88,True,Web,SG
25,266,124,2025-12-08 03:53:55.319307,130,True,Web,SG
26,458,82,2025-07-12 01:39:46.586876,100,False,Mobile,MY
27,366,28,2026-06-18 06:13:04.876863,93,True,Mobile,MY
28,86,25,2025-10-21 11:19:58.465516,24,True,TV,ID
29,157,41,2026-03-09 03:23:11.144742,95,False,Web,SG
30,96,128,2026-01-01 12:49:59.093296,143,True,Tablet,MY
31,54,101,2026-04-24 03:05:28.264113,141,True,Mobile,MY
32,29,13,2026-04-26 00:53:35.698744,84,True,Tablet,ID
33,301,74,2025-09-29 06:46:07.686113,14,False,TV,TH
34,463,94,2026-01-09 22:14:43.200906,115,True,TV,MY
35,122,93,2025-08-27 14:31:44.761249,85,True,TV,ID
36,178,160,2026-02-18 20:33:51.286283,42,True,Mobile,MY
37,212,143,2025-11-05 12:42:25.984714,105,False,Mobile,MY
38,326,11,2026-02-18 17:35:40.918846,23,True,Web,TH
39,337,117,2026-04-26 06:07:28.804838,50,True,Web,SG
40,397,82,2025-12-30 19:32:46.659105,53,True,Web,TH
41,384,87,2025-11-09 13:24:39.992593,141,False,Web,ID
42,190,122,2026-05-22 11:16:21.739382,16,True,Web,PH
43,379,79,2025-12-30 16:59:40.007711,18,True,TV,ID
44,493,149,2025-11-01 00:01:21.265800,70,False,Web,SG
45,408,185,2026-05-08 00:49:24.718064,109,True,Web,SG
46,446,29,2025-12-19 22:18:53.801857,60,True,TV,SG
47,440,53,2025-12-18 04:39:52.824013,117,True,Web,MY
48,467,187,2026-01-31 18:58:18.393177,27,False,Web,MY
49,425,123,2025-12-25 09:35:09.233979,146,True,Tablet,MY
50,345,88,2025-08-14 20:45:58.178800,102,True,Tablet,ID
51,441,68,2025-08-24 14:15:51.218455,135,True,Mobile,MY
52,143,77,2025-07-23 06:20:24.788425,85,False,Web,MY
53,307,90,2026-02-15 03:10:05.886439,82,True,Web,MY
54,253,89,2025-09-10 08:42:41.414696,49,True,TV,ID
55,219,114,2025-09-01 08:58:25.068399,77,False,Mobile,TH
56,170,144,2025-11-04 09:45:45.823738,81,True,Web,MY
57,154,13,2026-03-14 02:18:24.202771,147,True,Mobile,SG
58,208,184,2025-08-07 07:51:27.602464,132,True,Tablet,SG
59,358,41,2025-09-17 05:45:50.406405,116,True,Tablet,MY
60,419,52,2026-04-17 09:08:52.515548,85,True,Web,TH
61,53,167,2026-03-15 04:11:29.679623,71,True,Web,PH
62,105,107,2025-12-17 23:27:45.784389,57,False,Mobile,TH
63,321,48,2025-12-16 23:46:39.273252,86,False,Mobile,MY
64,63,86,2025-09-10 01:35:00.957497,84,True,Web,MY
65,82,130,2025-08-23 00:02:57.653472,131,True,Tablet,SG
66,465,118,2026-04-25 11:40:51.182886,77,False,Mobile,SG
67,188,146,2025-07-03 07:21:35.700281,61,True,Tablet,TH
68,273,132,2025-07-10 20:47:46.273840,95,True,Web,SG
69,85,123,2026-01-20 13:38:54.438304,94,False,Mobile,MY
70,285,193,2025-08-22 23:01:21.744485,80,False,TV,ID
71,7,67,2026-02-10 01:00:12.989523,104,False,Mobile,SG
72,194,41,2025-07-09 10:08:27.787974,115,False,Tablet,TH
73,489,80,2026-01-20 02:58:43.196721,42,True,Tablet,MY
74,141,57,2025-07-15 12:42:52.354522,46,True,TV,PH
75,235,107,2025-09-27 10:26:43.468803,132,False,Tablet,TH
76,484,64,2025-08-29 20:46:09.106499,32,True,Web,MY
77,367,29,2026-06-10 02:17:26.209522,27,False,Tablet,SG
78,347,39,2026-01-30 00:25:39.116454,54,True,Web,SG
79,131,184,2026-01-16 23:01:36.799968,137,True,Web,TH
80,290,34,2025-07-01 21:49:19.548915,143,True,Web,MY
81,430,79,2026-03-14 21:58:56.169963,17,True,Tablet,ID
82,377,19,2026-02-21 19:18:06.240692,23,True,Web,MY
83,35,18,2025-10-06 15:17:54.813462,132,True,TV,ID
84,487,165,2025-07-26 10:15:14.863227,119,True,Tablet,MY
85,239,97,2025-12-06 04:12:43.892938,32,False,Web,MY
86,420,90,2026-06-22 17:02:16.575935,42,True,Web,MY
87,463,58,2026-05-07 21:10:04.837160,12,False,Tablet,MY
88,459,140,2025-08-26 09:45:02.972732,120,True,Tablet,SG
89,219,40,2026-04-24 09:22:16.110959,82,True,Tablet,ID
90,19,170,2026-01-30 13:24:40.689254,119,True,Tablet,TH
91,153,53,2026-04-11 08:01:01.550566,29,True,Mobile,MY
92,449,13,2026-04-20 18:29:56.405739,74,False,TV,SG
93,138,194,2025-08-30 12:57:22.163149,26,True,Tablet,SG
94,465,148,2026-02-21 00:55:33.458306,93,True,Tablet,TH
95,151,78,2025-09-29 17:19:41.850529,48,False,Web,MY
96,173,16,2026-03-16 14:39:03.601625,56,True,TV,MY
97,217,165,2025-10-28 06:22:38.946084,109,False,TV,MY
98,91,77,2025-12-07 17:36:49.654068,108,True,Web,SG
99,143,77,2026-01-26 19:37:33.768509,48,False,Tablet,MY
100,268,143,2025-09-17 01:05:45.011161,147,True,Mobile,SG
101,417,21,2025-11-12 21:28:10.871747,127,False,Mobile,ID
102,120,14,2025-08-03 18:18:10.421880,80,True,Web,SG
103,44,49,2025-09-07 00:20:31.743559,67,True,Tablet,SG
104,9,55,2026-05-05 01:34:40.092572,60,False,Mobile,PH
105,307,63,2025-12-26 07:41:52.413299,64,True,Mobile,SG
106,179,98,2025-11-25 10:25:32.388994,131,True,TV,SG
107,333,128,2025-08-18 17:37:15.103115,131,True,Tablet,MY
108,202,53,2025-07-30 06:44:00.762830,106,True,Mobile,TH
109,470,38,2025-12-15 21:57:30.257026,16,True,Tablet,MY
110,268,76,2026-02-04 15:20:17.690775,51,True,Mobile,MY
111,155,128,2025-07-09 08:47:18.532444,98,True,Tablet,PH
112,414,190,2026-04-07 09:48:14.945593,137,True,Web,MY
113,85,185,2025-12-25 22:39:58.942314,137,True,Tablet,PH
114,35,135,2025-08-07 00:43:26.217949,20,False,Mobile,TH
115,29,196,2025-12-18 05:48:41.877738,13,True,Tablet,SG
116,451,39,2025-08-11 17:02:04.821591,14,True,TV,SG
117,412,171,2026-01-31 12:31:02.238768,135,True,Mobile,MY
118,263,4,2026-04-23 08:27:38.303174,16,True,TV,PH
119,11,129,2026-05-18 17:13:04.445206,122,False,Tablet,SG
120,58,135,2026-04-04 02:55:53.374959,50,True,Web,SG
121,224,69,2026-02-17 05:36:46.467579,113,True,Tablet,MY
122,154,179,2026-01-01 18:43:03.935753,69,True,Tablet,SG
123,418,195,2025-11-07 09:14:35.417854,20,True,TV,MY
124,33,164,2025-07-10 23:22:22.439543,14,False,Mobile,TH
125,416,85,2026-01-04 14:50:52.016619,36,False,Tablet,SG
126,441,146,2025-09-16 22:13:29.208182,133,True,Tablet,ID
127,178,140,2026-04-14 03:22:27.478167,20,True,Tablet,SG
128,132,151,2026-04-09 11:39:29.157934,48,False,Web,MY
129,47,77,2025-11-11 08:25:51.464118,53,True,Web,TH
130,432,139,2026-01-26 06:03:26.945663,96,True,Web,ID
131,439,186,2026-03-22 21:29:08.064274,32,True,Tablet,SG
132,280,60,2026-03-30 06:04:24.341582,31,True,Tablet,PH
133,255,199,2026-03-06 13:46:29.902033,95,True,TV,PH
134,317,59,2025-07-30 19:09:58.679436,103,True,TV,SG
135,380,170,2025-08-13 00:11:25.819056,109,True,Web,ID
136,454,19,2025-12-16 09:06:32.050866,33,True,TV,ID
137,93,190,2025-09-18 00:45:19.905976,111,True,Mobile,SG
138,194,114,2026-05-04 20:51:28.535033,104,False,Mobile,SG
139,276,115,2025-10-06 13:39:03.459958,143,True,Mobile,MY
140,56,153,2026-05-11 08:07:35.079132,95,False,Mobile,MY
141,494,22,2025-11-21 08:42:08.177084,74,True,Mobile,MY
142,85,69,2025-09-02 03:30:58.228347,89,True,Mobile,SG
143,175,108,2026-03-11 02:49:54.640420,88,True,Mobile,SG
144,156,185,2026-04-09 10:29:28.866568,138,True,Mobile,SG
145,192,2,2026-01-22 05:05:59.771418,113,True,Web,TH
146,207,113,2025-08-07 03:27:38.149082,97,True,Tablet,ID
147,385,35,2025-06-27 17:39:52.813953,88,True,Tablet,SG
148,197,46,2026-02-19 04:11:51.134011,113,False,TV,ID
149,317,148,2026-03-03 07:24:05.342078,74,True,TV,ID
150,229,30,2025-10-18 11:43:19.010503,63,True,Web,ID
151,358,7,2025-11-04 10:10:24.116692,130,False,Mobile,ID
152,441,18,2025-08-20 15:21:18.805244,116,True,Mobile,SG
153,161,169,2026-02-18 02:09:41.757740,51,False,Tablet,SG
154,387,123,2025-09-25 17:53:12.982663,114,True,Tablet,TH
155,269,140,2026-05-03 09:07:33.148329,21,False,TV,TH
156,347,153,2025-11-26 19:26:31.932106,33,True,Mobile,ID
157,100,166,2025-11-05 15:45:06.158091,23,True,Web,ID
158,476,85,2025-10-03 18:06:03.303680,122,True,Mobile,SG
159,473,133,2026-02-28 16:37:46.554781,68,True,TV,ID
160,382,177,2026-03-27 20:30:20.954963,140,True,Tablet,MY
161,188,107,2025-11-23 00:51:43.899111,33,True,Tablet,SG
162,196,88,2026-04-07 09:06:16.153976,128,False,Web,SG
163,58,113,2025-12-18 07:47:59.636378,127,True,TV,TH
164,68,6,2025-11-07 07:48:04.922695,99,True,Web,SG
165,470,63,2026-01-13 18:49:23.174108,144,True,Mobile,MY
166,297,60,2025-09-25 19:09:26.159937,115,True,Mobile,ID
167,253,8,2025-10-15 02:39:02.499775,62,True,TV,SG
168,136,53,2025-10-28 21:08:52.982044,83,False,Tablet,SG
169,61,138,2026-03-09 18:47:59.093167,59,True,Mobile,SG
170,429,126,2026-03-20 20:17:43.916028,147,False,TV,MY
171,248,151,2026-05-03 09:19:07.287829,41,True,Tablet,ID
172,430,181,2026-02-20 21:43:06.819203,88,False,Web,ID
173,197,31,2026-03-25 05:45:47.131189,73,True,Mobile,ID
174,331,100,2025-12-05 05:20:48.645545,119,True,Web,MY
175,312,163,2026-03-07 12:35:58.566284,56,True,TV,SG
176,198,116,2025-08-23 04:51:37.815605,25,False,Tablet,MY
177,122,99,2025-09-11 10:29:30.955568,141,True,TV,MY
178,452,114,2025-11-18 09:49:26.775997,137,True,Web,ID
179,139,75,2025-10-26 17:16:05.768393,20,True,Web,SG
180,294,145,2026-01-12 04:49:20.251911,138,True,Mobile,SG
181,492,140,2026-03-06 16:50:28.623962,105,True,Web,ID
182,282,140,2026-03-10 06:09:15.339954,67,False,Mobile,TH
183,475,64,2025-08-22 19:35:38.919383,88,False,Mobile,SG
184,52,113,2026-06-12 09:47:40.776079,42,False,Mobile,TH
185,382,177,2025-06-27 00:58:47.123767,101,False,Web,MY
186,401,36,2025-07-28 09:03:50.405435,64,False,Tablet,MY
187,345,72,2025-08-17 04:31:03.082962,55,True,Web,SG
188,168,132,2026-05-29 06:29:08.010025,36,True,Web,MY
189,35,71,2025-12-01 03:01:02.762539,44,False,Mobile,SG
190,203,64,2025-07-18 12:19:02.044406,112,True,Web,SG
191,266,97,2025-09-14 02:35:17.062113,127,True,Tablet,ID
192,259,132,2025-07-24 08:12:44.840419,83,False,Tablet,MY
193,312,84,2025-07-08 21:33:27.242853,12,False,Tablet,SG
194,294,163,2025-11-12 11:30:46.448947,103,False,Tablet,MY
195,274,55,2026-06-19 16:02:20.817322,138,True,Tablet,SG
196,375,34,2026-02-04 08:28:42.059331,136,False,Tablet,ID
197,28,26,2026-01-01 09:36:46.381948,129,True,Tablet,SG
198,291,1,2026-03-12 00:22:09.367301,121,True,Web,SG
199,418,78,2026-01-29 07:54:15.963525,52,False,Tablet,SG
200,227,65,2026-06-05 12:31:17.657047,33,True,Tablet,SG
201,253,161,2026-04-20 16:31:53.631965,90,False,Web,MY
202,54,181,2026-02-13 23:14:35.975720,36,True,TV,SG
203,143,133,2025-12-02 10:31:37.047195,125,True,Web,TH
204,271,178,2025-09-06 18:43:14.210517,45,True,Mobile,SG
205,61,27,2026-02-20 00:41:33.998525,92,True,TV,MY
206,476,35,2026-04-14 17:29:04.769738,48,True,Web,ID
207,99,113,2025-10-07 13:40:03.984272,101,False,Web,SG
208,263,158,2025-07-07 09:12:53.429143,125,False,Mobile,SG
209,476,32,2026-01-30 01:48:25.834211,110,True,TV,ID
210,156,71,2025-12-30 12:06:06.596114,33,True,Web,ID
211,180,200,2025-09-17 17:22:31.728083,18,False,Web,SG
212,337,156,2025-08-26 00:14:58.873463,142,True,TV,ID
213,497,62,2025-07-08 06:42:23.658497,138,True,Mobile,ID
214,42,136,2025-09-20 11:52:10.160445,15,False,Tablet,SG
215,370,108,2025-06-25 05:07:17.362077,105,True,Mobile,MY
216,489,19,2025-08-21 14:43:34.752739,16,True,Mobile,SG
217,35,102,2026-06-24 04:27:47.448029,141,True,Web,ID
218,271,180,2026-04-05 21:01:43.208219,114,True,Web,ID
219,177,22,2025-11-01 02:02:08.446839,91,True,Tablet,PH
220,94,138,2025-11-16 10:19:59.027002,95,True,Web,TH
221,434,165,2026-01-25 04:02:29.048359,28,True,TV,PH
222,152,15,2025-12-31 05:00:41.731046,74,True,TV,MY
223,392,15,2026-03-21 06:18:56.722057,91,True,Web,SG
224,8,182,2025-07-20 04:05:05.979884,47,False,Mobile,PH
225,339,133,2025-07-28 00:58:32.164344,78,True,Mobile,ID
226,169,188,2025-10-07 00:24:27.331147,42,False,Mobile,TH
227,171,135,2026-04-24 04:07:20.812985,28,True,Tablet,ID
228,322,117,2026-05-25 07:21:08.628513,142,True,TV,MY
229,231,41,2025-10-30 05:55:21.851824,77,False,Tablet,ID
230,69,59,2026-06-11 22:33:06.538528,142,True,Tablet,SG
231,28,121,2025-10-04 02:24:17.183263,105,True,Mobile,PH
232,21,142,2026-02-01 13:50:21.986072,119,True,Mobile,TH
233,202,70,2025-09-04 03:45:52.163563,31,True,Mobile,ID
234,31,46,2026-05-30 16:15:06.230054,69,False,Tablet,PH
235,41,120,2026-01-21 02:05:51.642758,84,False,TV,SG
236,291,3,2025-09-28 11:24:32.624108,106,True,Web,SG
237,404,63,2025-11-20 19:26:51.912524,130,True,Tablet,PH
238,493,51,2025-08-02 23:50:58.522132,74,True,Tablet,SG
239,351,89,2025-07-21 13:07:16.962015,14,False,Mobile,ID
240,468,187,2025-10-10 13:56:39.142259,90,True,Web,SG
241,317,16,2026-06-05 23:54:49.022529,48,False,Mobile,PH
242,338,106,2026-04-14 09:00:08.372104,107,True,Web,MY
243,328,35,2026-06-09 12:53:16.373594,112,True,Web,MY
244,80,61,2026-05-11 02:24:00.106448,86,True,TV,TH
245,446,189,2026-04-18 02:27:28.240628,95,True,TV,SG
246,128,35,2026-01-21 01:59:06.360484,39,True,Mobile,MY
247,261,31,2026-03-05 15:43:21.305798,103,False,Mobile,SG
248,167,31,2026-06-12 22:48:48.974774,35,True,Web,TH
249,444,155,2026-01-16 19:12:14.953761,22,True,Tablet,SG
250,453,64,2026-04-02 07:57:03.429763,103,True,Mobile,SG
251,105,8,2026-03-28 18:25:56.483271,115,False,Web,MY
252,57,119,2026-06-11 04:35:28.687320,38,False,Mobile,SG
253,495,57,2025-12-09 16:45:30.748512,45,True,TV,ID
254,416,22,2025-12-10 09:10:05.341099,78,False,Mobile,PH
255,125,166,2026-01-25 10:35:01.479501,125,False,Mobile,TH
256,208,32,2025-07-05 02:21:10.741436,22,False,Mobile,PH
257,278,186,2025-08-06 13:47:00.093740,113,True,TV,MY
258,224,55,2025-07-19 18:46:03.969362,59,True,TV,SG
259,398,159,2026-02-11 13:07:50.058829,74,True,TV,TH
260,307,16,2026-06-23 05:30:16.870634,34,True,Mobile,SG
261,341,64,2026-02-27 08:15:36.080661,16,False,Tablet,MY
262,353,125,2025-09-17 02:06:56.681901,100,False,TV,MY
263,110,7,2025-10-18 10:13:22.158568,93,True,Mobile,TH
264,178,15,2026-06-09 01:48:39.310890,132,True,Tablet,PH
265,96,26,2025-12-30 18:09:19.225220,75,True,TV,TH
266,468,15,2025-06-28 15:50:04.194010,68,True,Tablet,MY
267,104,46,2026-04-25 01:16:03.311903,72,True,Tablet,ID
268,383,8,2025-09-23 18:46:11.838630,102,False,Web,MY
269,119,127,2025-07-29 01:54:06.033136,91,True,Mobile,SG
270,389,57,2026-02-26 04:04:39.303634,17,True,Mobile,TH
271,128,34,2026-04-20 23:56:49.212598,99,False,Tablet,TH
272,204,16,2025-07-22 21:03:13.417973,17,True,Web,SG
273,66,135,2026-05-31 06:59:57.251887,105,False,TV,PH
274,253,151,2025-12-16 03:58:26.654056,37,True,TV,PH
275,465,112,2025-11-01 05:37:55.003591,136,True,Mobile,PH
276,443,158,2026-05-17 17:57:53.892334,103,True,Web,SG
277,194,188,2025-10-01 09:15:25.431361,87,True,Web,PH
278,372,101,2026-06-06 00:48:48.128535,20,True,TV,TH
279,397,57,2026-03-01 14:33:28.994755,38,False,Mobile,ID
280,151,89,2026-05-23 10:48:32.602432,93,True,Tablet,SG
281,451,172,2025-12-24 08:42:42.448031,97,True,TV,SG
282,40,90,2025-09-06 00:49:56.262233,77,False,Web,SG
283,281,188,2026-03-20 17:11:52.858595,119,False,Tablet,MY
284,239,90,2026-05-09 20:51:16.618251,108,True,TV,TH
285,419,195,2025-09-08 15:10:30.710627,69,True,Mobile,TH
286,187,6,2025-09-07 04:00:22.765310,93,True,Mobile,SG
287,237,42,2025-09-24 07:22:24.889470,31,True,Tablet,SG
288,385,158,2026-02-06 01:04:31.037899,135,False,TV,ID
289,391,112,2025-08-21 02:01:22.971572,52,True,TV,PH
290,262,179,2025-08-03 01:48:57.761883,79,True,TV,SG
291,250,147,2026-05-27 04:45:05.874006,137,True,TV,MY
292,187,170,2026-02-26 22:36:36.810328,134,True,Mobile,SG
293,186,21,2026-02-22 10:01:10.495602,133,False,TV,MY
294,315,170,2026-02-04 07:15:47.808455,79,True,Web,SG
295,243,95,2026-03-31 05:47:04.857667,59,True,TV,MY
296,143,69,2026-01-08 21:02:02.636284,27,True,Web,SG
297,428,89,2025-07-10 13:04:18.332785,117,False,Web,MY
298,246,134,2025-12-18 06:15:35.881352,119,False,Web,PH
299,372,61,2026-02-06 19:13:31.647053,133,True,TV,TH
300,20,129,2025-12-21 22:20:27.321352,144,False,Web,ID
301,73,194,2026-06-20 00:02:39.334101,126,True,Tablet,PH
302,121,33,2026-05-18 17:29:17.034721,22,True,Tablet,MY
303,407,38,2026-05-08 10:01:20.790831,78,True,Web,TH
304,52,100,2025-12-21 08:53:06.908035,113,True,Tablet,MY
305,8,180,2026-06-19 15:34:15.121059,145,False,Mobile,SG
306,369,151,2026-05-25 16:05:57.698174,37,False,Web,SG
307,182,138,2025-10-05 11:21:11.837403,100,False,TV,ID
308,371,156,2025-09-14 05:24:55.323155,133,True,TV,SG
309,392,175,2026-01-21 17:30:43.045956,114,True,Tablet,SG
310,151,13,2025-07-14 21:15:11.546243,133,False,Tablet,SG
311,192,80,2026-04-13 00:48:41.788125,83,False,Tablet,ID
312,144,35,2025-12-16 19:26:32.381146,88,False,TV,TH
313,169,187,2026-01-08 14:50:43.296304,118,True,Mobile,MY
314,261,190,2025-12-25 15:10:49.615468,136,False,Tablet,TH
315,334,41,2025-11-15 21:49:52.993186,28,True,TV,SG
316,340,146,2026-03-02 18:52:59.475157,19,True,Tablet,SG
317,34,64,2025-08-27 22:51:40.880095,20,True,Tablet,ID
318,173,95,2026-06-16 18:25:51.762196,130,True,Web,SG
319,18,62,2026-03-07 03:14:51.498844,107,True,TV,PH
320,303,151,2025-12-10 03:28:18.151459,101,True,Tablet,SG
321,439,24,2026-03-03 20:03:27.345090,84,True,Mobile,TH
322,495,55,2025-06-29 10:12:51.944535,68,True,Web,SG
323,262,132,2025-09-10 02:00:29.396951,17,False,Tablet,ID
324,303,34,2026-01-23 07:34:54.980165,56,True,Mobile,SG
325,193,183,2025-10-21 23:17:56.245574,82,True,TV,SG
326,161,56,2026-02-03 22:04:08.613471,131,True,Web,ID
327,380,27,2025-09-27 23:04:40.609179,13,True,Web,TH
328,235,144,2026-01-11 11:10:42.405028,84,True,Mobile,SG
329,175,164,2025-09-19 17:18:29.630944,95,False,TV,ID
330,419,77,2025-12-14 06:18:13.239875,60,True,Tablet,TH
331,388,104,2026-02-04 00:45:03.295133,93,False,Web,ID
332,188,67,2025-11-05 18:12:23.832979,119,True,Web,MY
333,371,49,2025-12-24 06:42:05.738883,99,False,Mobile,MY
334,497,122,2025-09-10 00:04:49.957391,103,True,Tablet,TH
335,363,47,2026-03-08 00:52:55.376308,87,True,Mobile,SG
336,365,196,2025-11-08 02:10:48.636914,58,False,Tablet,ID
337,141,91,2026-05-03 03:25:14.792972,69,False,TV,ID
338,208,96,2025-10-05 05:46:07.315362,78,True,TV,SG
339,32,163,2025-08-29 19:28:08.900182,30,True,Mobile,SG
340,434,98,2025-08-12 00:08:16.056460,147,True,Mobile,TH
341,84,52,2026-01-21 10:44:26.819935,99,True,Web,TH
342,294,37,2025-09-16 14:09:52.572339,92,False,Mobile,SG
343,209,162,2025-07-31 14:02:15.048268,57,True,Mobile,MY
344,133,195,2025-10-01 16:54:44.699959,55,True,Mobile,ID
345,495,23,2025-09-19 05:36:53.588182,45,True,Web,MY
346,306,99,2025-11-29 23:19:45.042619,13,True,Mobile,MY
347,9,83,2025-11-11 05:20:08.339865,147,True,Web,ID
348,157,58,2025-08-17 09:02:04.253300,100,True,Mobile,MY
349,193,43,2026-06-10 10:15:49.719952,28,False,TV,SG
350,463,134,2025-08-18 17:30:20.562440,146,True,Tablet,PH
351,215,126,2026-04-15 08:53:55.789225,103,False,Mobile,TH
352,259,5,2025-08-28 14:42:01.205226,70,True,Tablet,SG
353,14,151,2025-12-24 13:57:28.704786,141,True,TV,ID
354,23,97,2026-06-23 17:27:31.957037,77,False,Web,MY
355,29,170,2026-05-01 08:09:05.321235,39,True,Mobile,ID
356,268,114,2025-12-30 22:33:44.617725,109,True,TV,ID
357,131,178,2026-03-15 06:51:44.090882,14,True,Web,ID
358,170,160,2026-04-07 22:38:36.155354,47,True,Tablet,MY
359,402,31,2025-10-12 16:37:51.477192,84,True,Mobile,SG
360,126,200,2026-01-16 10:10:26.727476,79,False,Tablet,MY
361,262,76,2026-01-18 12:06:16.014249,53,True,TV,SG
362,308,85,2025-11-17 14:53:55.638999,72,True,Web,TH
363,372,172,2026-03-04 07:44:20.700392,138,True,Mobile,MY
364,461,186,2025-07-17 00:52:04.122233,37,False,Web,MY
365,188,68,2026-04-18 08:20:13.961990,130,True,Tablet,TH
366,184,93,2025-12-16 03:50:00.807872,92,True,Mobile,TH
367,28,3,2026-02-10 03:49:27.551888,47,True,Mobile,MY
368,281,160,2025-12-06 09:55:21.763524,80,False,Mobile,TH
369,111,30,2025-10-25 08:07:20.036578,114,True,TV,TH
370,440,123,2025-11-03 22:42:35.204463,119,True,Tablet,SG
371,444,186,2026-01-15 18:29:50.116225,27,False,Tablet,SG
372,383,124,2026-05-31 10:55:45.270851,124,True,TV,MY
373,17,176,2025-09-27 05:40:10.710088,45,True,TV,TH
374,282,12,2025-07-02 08:28:30.386321,28,True,TV,ID
375,433,135,2025-08-08 09:20:31.440514,69,False,Web,SG
376,339,177,2026-05-07 21:44:53.419166,36,True,Web,MY
377,425,174,2026-06-11 21:03:07.050115,110,True,Tablet,TH
378,397,14,2025-09-05 18:37:20.572427,14,True,Mobile,TH
379,321,43,2026-01-21 10:45:21.358350,31,False,TV,SG
380,177,13,2026-02-17 04:43:46.078524,141,True,Web,MY
381,149,21,2025-08-27 20:34:07.960862,129,True,Web,SG
382,324,115,2026-04-06 02:36:20.207116,92,True,TV,ID
383,61,104,2025-11-01 19:24:14.175715,117,True,Web,TH
384,390,159,2026-02-25 23:39:00.733620,89,False,Web,ID
385,291,88,2025-12-20 03:51:23.390664,105,False,Tablet,TH
386,208,144,2026-03-21 02:48:53.738492,133,False,TV,MY
387,58,195,2026-05-16 00:54:28.334488,68,True,TV,ID
388,186,141,2025-11-11 06:58:48.894171,145,True,Mobile,TH
389,320,36,2025-10-07 18:12:00.863147,116,True,Web,SG
390,250,56,2026-02-10 20:02:26.823069,129,False,Mobile,SG
391,479,107,2025-08-17 00:18:32.771080,23,False,Tablet,MY
392,491,116,2025-08-25 07:31:48.933218,129,True,Tablet,SG
393,324,2,2026-04-16 02:51:28.674527,147,False,Web,MY
394,380,124,2025-10-26 08:04:05.828122,142,False,Tablet,ID
395,104,188,2026-02-10 16:11:40.290359,44,True,Web,ID
396,203,130,2026-01-19 21:26:28.006416,110,True,Web,ID
397,157,71,2026-05-01 03:51:49.550269,113,False,Tablet,MY
398,82,36,2025-07-21 03:59:18.240181,117,True,Tablet,MY
399,447,141,2025-08-23 06:39:07.104835,92,False,Tablet,ID
400,126,54,2025-09-16 11:06:25.263727,86,False,Tablet,SG
401,452,167,2025-10-18 20:16:55.017331,57,True,Web,SG
402,69,195,2025-10-09 12:33:47.507056,102,True,Web,PH
403,452,107,2025-09-30 19:12:07.625993,148,True,Tablet,TH
404,339,28,2026-02-15 13:24:01.773005,18,True,Mobile,SG
405,168,193,2025-10-02 04:17:56.724846,53,False,Web,SG
406,36,177,2025-12-04 14:28:32.965833,87,True,Web,MY
407,288,27,2026-05-06 05:45:28.423537,69,False,Web,SG
408,497,179,2025-11-04 18:01:08.988265,85,False,Mobile,MY
409,268,176,2026-01-25 11:24:04.346340,92,False,Mobile,ID
410,128,159,2026-06-12 18:10:22.118907,125,False,Tablet,ID
411,417,95,2025-11-23 07:31:55.500878,62,False,Tablet,SG
412,106,175,2025-08-31 06:30:20.239149,31,True,Mobile,MY
413,239,11,2025-07-03 13:06:07.071544,121,True,TV,SG
414,162,2,2026-03-17 22:04:54.013439,96,True,Tablet,SG
415,204,153,2026-02-21 21:44:02.767245,25,False,Web,TH
416,191,126,2026-06-03 14:15:04.778918,103,True,Web,MY
417,115,134,2026-03-08 00:44:39.986309,29,False,Mobile,MY
418,259,24,2025-07-24 08:25:53.796048,101,True,Mobile,SG
419,227,76,2025-08-25 01:42:01.480894,67,False,Web,MY
420,366,193,2025-08-01 17:33:29.729234,14,True,TV,SG
421,414,158,2025-07-18 09:47:31.912705,74,False,Web,SG
422,68,99,2026-05-12 00:59:51.169407,77,True,TV,TH
423,489,96,2026-01-11 10:02:30.867166,143,False,TV,SG
424,419,50,2025-07-04 17:42:42.610761,94,True,Tablet,SG
425,491,138,2025-11-17 02:43:11.306323,148,True,Mobile,ID
426,492,55,2026-03-31 12:22:40.556378,120,False,Mobile,TH
427,470,199,2025-07-25 12:21:48.183969,123,True,Tablet,ID
428,93,7,2025-09-28 23:11:48.816012,129,False,Mobile,SG
429,108,65,2025-08-20 19:42:04.049207,30,True,Mobile,SG
430,246,116,2026-02-19 06:42:33.866295,115,True,Mobile,ID
431,346,2,2026-05-14 12:25:56.589183,28,False,Web,ID
432,44,92,2025-10-16 02:28:20.040225,140,True,Tablet,SG
433,52,73,2025-09-23 11:13:18.647348,124,True,Tablet,SG
434,95,137,2025-10-06 21:36:56.290519,68,True,TV,ID
435,355,76,2026-02-08 22:10:57.573848,48,True,Tablet,PH
436,464,166,2025-08-12 01:20:49.122895,107,False,Mobile,TH
437,86,32,2026-04-27 08:50:56.179829,22,True,Web,MY
438,51,79,2025-07-05 13:03:08.751008,65,False,Tablet,SG
439,265,166,2026-02-22 11:06:56.885810,143,True,Mobile,ID
440,161,50,2026-05-05 08:23:23.633747,41,True,Tablet,TH
441,475,141,2025-10-21 21:14:24.096581,130,True,Mobile,ID
442,158,26,2025-12-16 00:27:41.446010,62,False,TV,SG
443,79,172,2026-06-16 05:03:27.234325,72,True,Web,TH
444,200,125,2026-01-08 13:14:03.666838,127,True,Web,ID
445,93,145,2025-10-02 14:31:22.174753,105,False,Tablet,SG
446,197,64,2025-12-04 14:00:26.091761,68,False,Web,SG
447,227,35,2026-06-14 05:22:41.283390,96,False,TV,MY
448,193,125,2026-03-06 21:47:52.954116,39,True,Web,TH
449,85,138,2025-08-28 18:27:50.510167,62,True,Tablet,SG
450,46,5,2026-01-29 08:52:58.800457,141,True,Tablet,MY
451,488,152,2026-02-10 14:12:52.075438,66,False,Web,MY
452,349,121,2026-02-12 08:19:18.447490,50,True,Mobile,ID
453,466,75,2026-01-17 02:21:21.555559,46,True,Web,MY
454,327,3,2026-01-02 07:07:34.852627,73,False,Tablet,ID
455,99,194,2026-02-13 16:33:16.109109,143,True,Mobile,MY
456,368,169,2025-10-16 05:01:12.780703,49,False,TV,MY
457,139,195,2025-10-29 21:47:50.395848,136,True,TV,SG
458,428,53,2026-01-08 05:12:16.457863,144,False,TV,MY
459,290,12,2026-04-15 00:28:42.536589,22,False,TV,ID
460,338,163,2025-12-03 11:50:41.011958,82,False,TV,MY
461,105,97,2025-11-05 16:58:19.723928,108,True,Web,TH
462,336,65,2025-09-28 00:00:34.296483,108,False,Mobile,MY
463,217,125,2025-10-13 23:39:02.353490,135,False,Mobile,TH
464,282,43,2025-06-25 03:24:46.150805,70,True,Web,SG
465,117,41,2026-04-18 22:01:36.746286,104,True,Tablet,ID
466,266,85,2026-04-30 19:29:55.476019,41,True,TV,SG
467,97,166,2025-10-28 17:00:57.548040,117,True,Mobile,MY
468,97,35,2025-12-13 11:28:48.005376,143,True,Web,SG
469,164,47,2025-06-28 03:30:32.863373,144,False,Web,MY
470,12,185,2026-05-27 21:24:32.073159,84,False,Mobile,ID
471,302,124,2026-06-05 23:24:20.205239,55,True,TV,SG
472,379,197,2025-12-16 08:27:31.596530,58,True,Web,SG
473,437,88,2025-06-28 10:39:27.033824,128,True,Mobile,MY
474,81,28,2025-11-29 07:41:45.545914,16,True,Tablet,MY
475,269,39,2025-10-10 02:17:33.566947,36,True,Tablet,MY
476,497,137,2025-09-17 13:22:55.132420,140,False,Mobile,ID
477,389,139,2025-06-27 17:52:28.047279,12,False,Tablet,ID
478,339,108,2025-11-08 13:52:33.169580,106,False,Web,MY
479,308,197,2025-11-22 11:46:52.121850,109,True,Tablet,TH
480,444,148,2026-01-15 20:17:17.909240,37,True,TV,ID
481,50,73,2025-11-16 06:54:19.162025,116,True,Mobile,ID
482,5,148,2025-08-23 17:47:04.360991,145,True,Mobile,ID
483,439,81,2026-03-21 08:00:05.522827,116,True,Mobile,ID
484,161,67,2025-11-14 10:49:26.339814,120,True,Web,PH
485,255,194,2025-11-10 07:11:57.421569,64,True,Tablet,MY
486,232,144,2025-09-29 03:49:31.125465,135,True,TV,SG
487,450,102,2025-11-26 07:51:08.730361,47,False,Web,ID
488,285,180,2025-09-20 14:32:40.949697,53,True,TV,ID
489,358,158,2026-03-31 08:21:45.108066,25,True,Tablet,SG
490,54,38,2026-05-23 11:02:42.881371,132,False,TV,SG
491,141,95,2026-04-16 01:36:41.195289,32,True,Web,PH
492,258,158,2026-03-02 03:59:44.898438,145,True,Tablet,SG
493,492,45,2025-10-07 02:00:44.348241,138,True,Mobile,ID
494,337,74,2026-03-23 10:55:19.802283,61,True,Web,MY
495,147,158,2026-04-16 12:25:33.014135,55,True,TV,ID
496,95,23,2025-11-22 22:01:10.624505,82,False,TV,MY
497,381,52,2026-05-02 20:01:18.892915,144,True,Web,TH
498,358,73,2025-08-30 17:32:27.192291,101,True,Tablet,SG
499,122,117,2025-10-08 21:07:34.406576,115,True,TV,MY
500,63,144,2026-02-12 17:27:07.095542,30,True,TV,SG
501,333,66,2026-02-05 17:28:16.033956,76,False,Tablet,MY
502,489,63,2025-10-02 12:03:56.911252,98,False,TV,MY
503,381,8,2026-02-07 13:30:48.637158,135,True,Mobile,ID
504,139,174,2025-09-01 16:43:13.861948,70,False,TV,MY
505,347,3,2025-07-02 04:37:07.430539,79,True,Mobile,ID
506,215,20,2025-07-13 05:39:58.200277,57,True,TV,TH
507,169,47,2026-01-06 12:01:42.822028,60,True,Mobile,ID
508,167,53,2025-09-01 00:29:15.697026,70,True,Mobile,ID
509,94,200,2025-08-01 11:06:29.481333,39,True,Mobile,PH
510,320,158,2025-10-01 10:18:11.741068,13,False,Web,SG
511,308,96,2026-03-13 07:50:21.536633,92,True,Tablet,TH
512,173,126,2026-03-17 16:14:57.865846,58,False,Tablet,SG
513,141,193,2025-09-18 03:21:51.422025,44,True,Tablet,MY
514,349,9,2025-08-19 03:27:37.541517,140,True,Tablet,ID
515,294,31,2025-12-22 09:12:11.655196,144,True,Web,SG
516,133,98,2025-10-27 23:43:45.664539,37,True,Web,SG
517,356,68,2025-10-16 21:48:35.198708,72,True,Tablet,SG
518,115,128,2026-04-13 02:29:54.381986,120,True,Web,MY
519,258,72,2026-06-24 14:30:41.008298,127,True,Mobile,MY
520,146,26,2025-12-11 11:09:00.318839,81,False,Web,TH
521,124,38,2026-04-10 04:02:32.771945,50,True,Mobile,MY
522,82,162,2025-10-23 17:29:01.368867,144,True,TV,MY
523,158,144,2026-04-29 04:55:39.869780,24,True,Web,SG
524,162,122,2026-06-07 16:29:11.790929,36,True,TV,MY
525,365,143,2025-07-15 13:49:19.240168,77,True,TV,MY
526,433,156,2026-04-04 09:47:26.130987,62,True,Web,MY
527,495,73,2025-07-21 04:20:39.966637,102,True,Web,ID
528,285,21,2025-12-13 19:47:49.710377,109,True,TV,PH
529,100,164,2025-09-03 07:18:53.449115,98,True,Web,MY
530,42,21,2026-04-28 11:20:05.143159,53,True,TV,ID
531,452,69,2026-04-19 14:25:37.343063,113,True,TV,TH
532,228,192,2026-04-23 14:51:43.201082,145,False,TV,SG
533,14,33,2025-08-08 15:41:20.630703,72,True,Tablet,ID
534,48,54,2026-04-01 15:59:02.144594,54,True,Mobile,PH
535,303,141,2025-09-24 00:56:51.484464,25,True,TV,ID
536,50,27,2026-04-02 18:58:46.230856,79,True,Mobile,PH
537,247,80,2025-12-03 21:29:33.509515,70,True,TV,ID
538,81,135,2026-03-21 12:23:40.447732,55,True,Web,TH
539,205,122,2025-07-07 08:20:47.424366,131,False,Web,SG
540,284,35,2025-12-10 10:10:08.926206,57,True,TV,ID
541,367,112,2026-04-02 16:58:08.212620,146,True,Web,TH
542,308,139,2026-01-01 10:47:01.630920,70,False,TV,MY
543,165,40,2026-06-18 19:35:42.644222,89,True,Web,ID
544,83,89,2025-12-14 19:16:42.897353,85,True,Mobile,PH
545,477,123,2026-02-28 23:57:47.393293,88,True,TV,SG
546,147,2,2025-10-17 02:28:44.852864,107,True,Tablet,MY
547,157,42,2025-10-21 02:29:51.750273,111,False,Mobile,SG
548,406,62,2026-02-09 21:42:22.268239,144,False,Tablet,TH
549,436,70,2025-07-10 12:23:41.801341,84,True,Web,SG
550,119,18,2026-06-02 11:48:36.607939,58,True,Mobile,MY
551,288,70,2026-01-01 08:55:04.238787,137,True,Mobile,SG
552,346,6,2025-09-25 15:04:55.272191,59,False,TV,SG
553,281,187,2026-02-13 07:42:59.450727,14,True,Mobile,MY
554,215,108,2025-09-05 16:34:01.185750,91,False,TV,MY
555,444,9,2026-05-15 06:23:12.956038,96,True,Web,SG
556,168,199,2026-05-06 13:13:08.952436,112,True,TV,SG
557,158,98,2025-09-12 15:40:58.279334,15,True,Tablet,SG
558,489,114,2025-08-05 08:30:25.577529,75,False,Mobile,MY
559,489,25,2026-02-11 06:31:53.148994,145,True,Mobile,MY
560,196,83,2025-10-21 15:12:38.457582,52,True,Mobile,PH
561,338,32,2025-08-25 05:38:38.584042,76,True,TV,MY
562,31,171,2025-10-03 22:49:48.192998,67,False,Mobile,MY
563,9,43,2025-08-07 19:25:22.587591,82,True,TV,SG
564,25,149,2026-04-09 08:02:53.937652,133,False,Mobile,ID
565,157,41,2025-06-28 08:52:49.104818,139,True,Web,PH
566,480,161,2025-07-10 10:42:25.659949,27,True,Web,ID
567,63,33,2026-04-07 06:21:33.319139,136,True,Tablet,ID
568,479,89,2025-12-15 16:42:43.338222,124,False,Mobile,MY
569,461,35,2026-01-28 20:51:25.643987,76,False,TV,MY
570,187,139,2025-11-07 18:11:41.568613,137,True,Mobile,SG
571,465,120,2025-07-27 18:57:45.668377,82,False,Web,TH
572,97,18,2025-08-21 16:57:00.549828,147,True,TV,SG
573,230,117,2025-07-28 11:48:26.656054,12,False,TV,ID
574,12,159,2026-02-06 01:29:44.475483,105,False,Mobile,ID
575,423,138,2026-05-31 02:12:01.348975,111,True,Web,ID
576,93,157,2026-06-24 05:49:49.009952,84,True,Web,SG
577,339,169,2026-02-08 10:21:47.909483,29,True,Tablet,SG
578,19,52,2025-07-16 22:34:40.047564,39,True,Mobile,MY
579,246,169,2026-02-15 12:47:31.845746,137,True,Web,SG
580,230,57,2026-03-08 06:16:38.964077,30,True,Tablet,ID
581,48,120,2026-04-10 04:24:23.326344,27,True,Web,TH
582,231,182,2025-08-10 01:34:35.863093,26,False,TV,SG
583,42,78,2025-09-18 02:10:23.899822,31,False,Tablet,SG
584,462,60,2026-06-18 15:44:13.248498,148,True,Mobile,ID
585,370,161,2026-04-09 02:56:49.356034,57,True,Web,ID
586,487,164,2026-03-28 11:37:55.971520,103,True,Web,MY
587,62,43,2026-04-15 07:38:43.650244,58,True,TV,ID
588,346,154,2025-12-02 08:18:28.445445,125,False,Tablet,MY
589,205,96,2025-09-03 14:05:26.999287,117,False,TV,ID
590,392,62,2026-03-03 20:24:11.665829,66,True,Web,ID
591,227,116,2025-11-02 22:12:49.154513,126,False,Mobile,SG
592,180,153,2025-08-13 07:37:59.638081,16,True,Tablet,SG
593,190,57,2026-05-19 08:04:04.440986,66,False,Mobile,TH
594,440,71,2025-12-19 08:38:43.296446,142,True,Tablet,SG
595,23,118,2025-12-01 21:37:24.131436,103,True,TV,TH
596,157,60,2025-10-10 18:00:02.715232,77,False,Mobile,MY
597,138,188,2026-03-06 16:40:09.047565,31,False,Tablet,SG
598,440,180,2025-09-02 10:07:57.962763,36,True,TV,ID
599,375,98,2025-09-01 06:31:42.415990,32,False,Tablet,SG
600,279,107,2025-10-30 02:08:54.492304,42,False,Mobile,ID
601,389,3,2026-03-19 14:40:01.502006,109,True,Web,SG
602,368,39,2025-10-03 16:01:53.388761,95,True,Mobile,SG
603,465,101,2026-04-24 18:00:51.642351,126,False,Web,SG
604,278,75,2026-05-25 02:39:46.659285,112,True,TV,MY
605,472,13,2026-01-13 15:23:43.034548,114,True,TV,MY
606,445,34,2025-07-20 06:21:32.157710,46,True,Mobile,MY
607,371,51,2025-08-20 17:31:10.084897,146,True,Mobile,ID
608,204,176,2025-10-11 02:23:56.112245,34,True,TV,MY
609,120,83,2025-09-29 07:03:35.354326,100,True,Mobile,SG
610,221,158,2025-11-06 04:37:30.777188,125,True,TV,PH
611,148,52,2025-06-25 08:54:47.445016,107,True,Web,SG
612,469,14,2026-02-13 03:23:12.013650,74,False,Tablet,TH
613,183,4,2025-11-10 13:12:29.860466,99,False,Mobile,MY
614,14,85,2025-08-31 20:57:08.611543,65,False,Mobile,MY
615,475,67,2025-07-01 22:41:49.572307,135,True,Tablet,ID
616,428,5,2026-05-04 01:21:47.649031,108,True,Web,SG
617,102,16,2026-04-04 12:58:41.961626,84,True,Web,SG
618,299,168,2025-09-20 07:44:56.377972,14,True,Web,ID
619,423,93,2026-03-15 10:44:51.082676,39,True,Tablet,ID
620,147,98,2026-02-20 13:00:37.355849,142,False,Mobile,SG
621,386,137,2026-01-07 22:58:00.667401,34,True,TV,MY
622,453,6,2025-11-13 15:15:18.146002,22,True,Web,SG
623,250,191,2026-01-02 12:28:23.339932,52,True,Web,MY
624,191,61,2025-12-23 19:59:59.475558,140,True,Mobile,SG
625,246,8,2026-01-12 12:38:16.005862,83,True,TV,MY
626,84,23,2026-02-04 00:21:29.528496,109,True,Web,TH
627,437,59,2025-10-20 22:26:16.293118,118,True,Mobile,PH
628,390,85,2026-02-14 04:36:48.113590,126,True,Mobile,SG
629,351,176,2025-08-04 10:54:19.515350,63,False,TV,ID
630,340,35,2026-01-02 04:51:13.290379,122,False,Tablet,SG
631,368,41,2025-07-19 11:06:10.205110,93,True,Web,ID
632,115,82,2026-04-26 03:42:28.304150,49,False,Tablet,TH
633,265,106,2025-08-11 12:10:24.261925,89,True,Tablet,TH
634,469,71,2026-05-10 03:25:52.980017,50,False,Mobile,SG
635,484,157,2025-09-06 21:58:46.559468,80,True,Web,MY
636,147,176,2025-12-19 09:14:34.016572,18,True,Web,MY
637,327,155,2025-07-31 04:15:12.862921,132,False,TV,TH
638,317,122,2026-01-19 15:57:32.659794,47,True,Mobile,MY
639,9,70,2026-04-26 13:24:15.378046,117,True,Web,SG
640,129,17,2026-02-20 09:46:59.456486,57,False,Tablet,TH
641,315,177,2026-01-03 03:49:37.923183,95,False,Tablet,MY
642,493,11,2026-03-08 06:09:13.431931,109,False,TV,PH
643,371,153,2025-09-26 14:05:56.633977,146,True,Web,SG
644,64,116,2025-11-05 21:58:29.094654,128,False,Mobile,PH
645,337,138,2026-02-01 10:14:50.548147,113,False,Mobile,MY
646,486,162,2025-07-20 23:52:02.874977,24,True,TV,TH
647,492,74,2026-05-30 20:36:36.112870,130,True,TV,TH
648,440,133,2025-09-09 08:21:04.909518,48,True,Web,SG
649,326,29,2025-12-21 14:08:45.677520,58,False,Tablet,ID
650,83,101,2026-05-16 02:05:24.581610,117,True,Mobile,MY
651,453,52,2025-07-24 07:29:07.731024,128,True,TV,ID
652,453,42,2026-04-13 16:09:07.061670,43,True,Web,ID
653,51,135,2025-07-17 06:41:11.816893,110,False,Tablet,ID
654,96,97,2026-01-14 22:04:18.334755,109,True,Mobile,SG
655,423,39,2026-06-02 19:01:25.721056,53,False,Mobile,ID
656,269,79,2025-11-24 00:44:57.406266,91,False,Tablet,SG
657,110,31,2025-11-06 21:46:13.981017,45,False,Mobile,ID
658,8,118,2026-03-10 20:33:49.926058,139,False,Web,SG
659,320,61,2026-04-21 22:27:35.645073,67,True,TV,MY
660,48,154,2025-09-30 04:40:45.802484,13,True,Web,ID
661,363,54,2025-07-09 22:57:32.793889,24,True,Mobile,SG
662,89,9,2025-07-20 19:36:31.623644,88,True,Mobile,SG
663,108,42,2025-10-14 02:33:27.617828,84,True,Web,MY
664,366,46,2026-06-05 02:46:14.706383,128,False,TV,SG
665,488,77,2026-06-10 22:52:34.330858,94,True,TV,SG
666,273,141,2025-07-30 13:55:38.537743,28,True,Mobile,ID
667,173,85,2026-03-16 23:17:11.238269,146,True,Mobile,SG
668,34,28,2026-01-05 07:00:59.440590,147,False,TV,ID
669,450,74,2025-09-02 07:22:04.238858,121,True,TV,MY
670,405,91,2026-01-03 07:04:34.717050,45,True,TV,ID
671,322,127,2025-09-23 23:12:01.234418,58,False,Mobile,SG
672,122,1,2026-02-08 12:03:09.628721,42,True,Web,SG
673,132,158,2025-08-29 10:46:45.537090,118,True,TV,MY
674,412,55,2026-03-25 17:51:40.567381,14,True,Web,SG
675,40,79,2025-11-23 18:00:42.821347,88,True,TV,SG
676,437,86,2025-08-02 15:30:55.182448,99,True,Web,PH
677,105,50,2026-02-13 08:37:50.434752,96,False,Tablet,MY
678,303,10,2025-11-02 20:25:27.434475,46,True,Web,TH
679,347,86,2025-12-09 15:38:16.633026,130,False,TV,ID
680,338,77,2026-02-23 01:57:29.365607,92,True,Mobile,MY
681,208,91,2026-05-13 13:13:36.513820,28,False,TV,SG
682,237,161,2025-08-25 00:48:49.638979,148,False,Web,MY
683,385,30,2025-08-29 23:54:57.943916,90,False,TV,SG
684,265,23,2025-11-18 18:33:25.716671,139,False,TV,TH
685,191,56,2025-10-26 09:09:36.552914,146,True,Mobile,ID
686,494,52,2025-08-21 21:08:24.660231,35,True,Mobile,MY
687,326,40,2026-06-24 18:37:56.646822,60,True,TV,TH
688,195,199,2025-12-03 21:56:30.093423,95,True,Tablet,TH
689,336,174,2025-10-31 18:59:29.829750,45,True,Mobile,MY
690,339,30,2025-10-18 05:10:35.012347,13,True,Mobile,TH
691,52,86,2026-06-22 05:31:47.848707,131,False,Mobile,ID
692,472,80,2025-10-21 16:26:35.997040,17,True,TV,TH
693,203,52,2025-11-07 21:00:26.519972,61,True,Web,ID
694,429,31,2026-03-31 05:15:36.353285,81,True,TV,SG
695,404,144,2025-11-29 09:02:06.135992,143,True,Web,MY
696,170,37,2026-03-17 05:23:06.862775,84,True,Mobile,SG
697,212,139,2026-02-02 07:48:32.104072,125,True,Mobile,TH
698,30,28,2026-01-16 18:59:40.716193,110,True,TV,SG
699,386,152,2025-09-11 05:50:45.712104,126,True,TV,TH
700,454,195,2026-03-31 18:37:04.140029,148,True,Tablet,ID
701,369,34,2026-05-29 08:59:05.933469,35,False,Tablet,MY
702,291,80,2025-09-25 21:53:15.506985,131,True,Tablet,SG
703,401,67,2026-06-11 08:12:43.207529,105,True,Web,ID
704,205,117,2025-12-05 13:16:44.701473,136,True,TV,MY
705,297,44,2025-11-17 03:24:14.023324,84,False,Web,SG
706,61,104,2026-03-17 09:17:28.377784,39,True,Web,ID
707,345,119,2026-06-19 02:57:49.860473,114,True,Mobile,SG
708,96,124,2026-01-28 16:55:02.238381,110,True,Mobile,ID
709,276,112,2025-12-31 03:50:33.888053,99,True,Mobile,ID
710,47,190,2026-06-22 22:36:52.524742,136,True,Web,SG
711,58,114,2025-10-13 08:28:29.386948,57,True,TV,MY
712,436,153,2025-10-12 19:15:31.542090,109,True,Web,SG
713,138,36,2025-09-14 03:36:32.123706,12,False,Web,MY
714,186,100,2026-05-03 15:38:35.557570,126,True,Web,SG
715,370,174,2025-07-03 00:49:56.449925,89,False,Tablet,ID
716,217,23,2026-04-21 07:31:53.140524,14,True,Web,TH
717,187,16,2026-03-04 00:30:58.200765,106,False,Tablet,SG
718,365,92,2025-10-03 21:34:38.511534,40,False,Tablet,SG
719,447,152,2026-01-13 07:52:53.961152,112,True,Web,MY
720,279,140,2026-01-14 07:11:52.740042,66,True,TV,SG
721,244,93,2026-05-29 07:01:02.317805,118,True,Tablet,ID
722,82,3,2025-08-20 14:47:45.664002,30,True,Mobile,TH
723,422,112,2025-07-08 21:23:26.459360,46,True,Web,MY
724,291,179,2025-11-02 00:11:46.713311,120,True,TV,MY
725,287,99,2025-08-14 15:51:22.821772,102,True,TV,SG
726,324,188,2025-11-06 04:21:49.945340,72,False,TV,PH
727,375,94,2026-01-23 17:38:25.936492,20,False,Web,ID
728,67,149,2025-09-18 04:58:26.835471,135,False,Mobile,ID
729,341,193,2026-04-17 08:17:07.566552,83,True,Mobile,TH
730,53,63,2025-07-28 16:13:17.649451,132,True,Web,ID
731,436,163,2025-11-18 03:08:19.780475,91,True,Tablet,MY
732,7,121,2026-05-26 08:32:05.747345,128,True,TV,ID
733,270,91,2026-03-20 07:00:08.860303,87,True,Mobile,PH
734,474,78,2026-03-16 09:20:11.657218,78,True,TV,SG
735,31,169,2026-04-10 17:00:40.333268,86,False,Web,SG
736,50,33,2025-08-27 06:13:30.257695,141,True,Tablet,SG
737,401,72,2026-04-22 16:32:14.410869,82,False,Mobile,SG
738,105,152,2026-03-03 23:25:42.550725,50,True,TV,SG
739,496,180,2026-01-21 13:43:07.670917,72,True,Tablet,TH
740,215,22,2026-05-22 14:53:41.478146,49,True,Tablet,TH
741,476,106,2026-01-28 12:15:25.918135,110,True,TV,ID
742,133,148,2025-10-12 19:46:42.607713,100,True,TV,TH
743,31,43,2026-03-19 00:31:38.966863,130,True,TV,ID
744,476,137,2026-01-21 14:10:04.460710,71,True,Web,MY
745,89,136,2025-07-23 18:31:02.465105,123,True,Tablet,MY
746,433,81,2025-07-15 12:48:30.158742,147,False,Mobile,TH
747,412,91,2026-04-02 16:08:27.233322,122,True,Web,SG
748,170,69,2025-10-30 04:28:33.687239,37,True,Web,MY
749,431,192,2026-04-19 13:28:16.902960,73,False,Web,SG
750,211,174,2025-11-24 05:43:57.723351,58,True,Mobile,SG
751,40,4,2026-05-08 01:48:08.819080,117,True,Mobile,MY
752,139,186,2026-05-08 18:56:35.402484,84,True,Mobile,ID
753,34,153,2025-09-15 21:57:21.701710,67,False,Web,ID
754,73,23,2026-02-18 12:42:32.349287,45,True,Tablet,ID
755,115,29,2026-01-31 02:14:05.666496,59,True,TV,PH
756,413,117,2025-06-29 06:50:03.741360,82,False,Web,ID
757,489,83,2026-04-05 01:16:06.094256,77,True,Mobile,ID
758,243,100,2025-11-11 19:23:32.089122,97,False,TV,TH
759,108,113,2025-10-14 10:15:41.066275,29,True,Tablet,ID
760,108,166,2025-07-10 03:35:49.459411,137,True,Web,MY
761,398,165,2026-01-08 07:29:51.930448,39,False,Web,SG
762,44,19,2025-08-18 17:47:09.175737,76,False,Mobile,MY
763,420,164,2025-12-25 14:32:06.986858,12,False,Web,SG
764,446,85,2025-09-13 18:03:30.155349,112,True,Web,PH
765,317,123,2025-07-13 13:26:52.437769,123,True,Web,TH
766,41,139,2026-03-19 07:26:43.909245,69,True,Tablet,TH
767,308,32,2025-11-15 14:31:07.785473,103,True,TV,SG
768,417,24,2025-12-04 20:46:05.916062,105,True,Tablet,SG
769,296,195,2026-01-28 11:23:21.445793,86,True,Mobile,SG
770,244,170,2025-12-26 10:56:22.726710,60,True,TV,SG
771,439,92,2025-09-14 05:21:09.536968,136,True,Web,ID
772,85,10,2025-10-08 22:46:18.548378,61,True,Tablet,SG
773,247,17,2025-11-16 03:08:19.998065,90,True,Tablet,TH
774,11,10,2025-08-12 09:20:26.806861,98,True,Tablet,SG
775,70,55,2025-07-25 06:10:26.327626,145,True,Web,TH
776,91,190,2026-01-19 19:42:51.854428,71,False,Mobile,SG
777,420,5,2025-07-13 02:51:09.303668,132,False,Web,SG
778,418,34,2025-11-17 21:49:06.453300,15,True,Mobile,SG
779,58,117,2025-07-26 04:23:07.146683,55,False,Mobile,TH
780,68,128,2025-12-25 09:27:51.577870,68,True,Mobile,SG
781,468,174,2026-04-03 17:46:07.544470,114,True,Tablet,MY
782,84,83,2025-08-11 17:26:26.975121,66,False,Web,SG
783,73,71,2025-08-13 08:50:53.085018,48,False,Mobile,MY
784,99,113,2026-01-15 09:15:33.813293,74,False,Mobile,SG
785,409,157,2025-12-20 07:04:35.931195,108,False,Mobile,MY
786,5,2,2026-02-18 08:03:23.795278,57,False,Web,MY
787,180,107,2025-09-04 17:33:45.852293,133,False,Mobile,ID
788,339,116,2026-02-05 02:17:01.580795,117,True,Mobile,ID
789,386,47,2026-03-20 19:17:25.101277,139,True,Mobile,TH
790,191,90,2025-09-23 01:08:06.979981,119,True,Mobile,SG
791,344,25,2025-07-21 06:37:02.173613,104,False,Tablet,MY
792,298,198,2026-04-04 19:35:57.742388,65,True,Mobile,ID
793,436,122,2025-10-21 05:33:07.779293,139,True,Web,SG
794,416,94,2026-05-28 15:22:33.446353,84,True,TV,ID
795,480,117,2025-07-27 19:58:06.657948,23,True,Mobile,MY
796,95,8,2026-02-25 10:58:52.202859,136,True,Mobile,SG
797,284,152,2025-11-26 19:15:30.974133,95,True,Web,TH
798,146,200,2025-10-30 07:47:11.085232,40,True,Mobile,ID
799,126,97,2025-10-20 06:07:07.841614,68,True,Web,SG
800,280,38,2026-01-28 00:23:16.408722,67,False,TV,MY
801,83,118,2025-07-03 22:47:40.554287,61,True,Tablet,SG
802,79,9,2025-10-14 10:34:19.899846,27,True,Mobile,MY
803,269,44,2026-06-20 20:07:22.803518,99,True,TV,SG
804,412,157,2026-02-05 04:14:55.239658,55,True,Web,SG
805,263,134,2026-06-21 18:06:03.912912,137,False,Mobile,MY
806,297,72,2025-12-03 14:54:39.547410,15,False,Web,SG
807,206,112,2025-08-17 08:48:47.125502,68,False,Web,SG
808,372,2,2025-07-11 11:59:21.027068,118,False,Mobile,MY
809,488,130,2026-04-19 22:30:07.286213,20,True,TV,TH
810,444,26,2025-09-06 00:59:45.568861,127,True,Mobile,ID
811,441,188,2025-11-08 15:25:35.991457,116,False,Mobile,SG
812,417,24,2026-03-28 20:42:56.935571,16,True,TV,ID
813,371,192,2026-05-02 13:43:44.999686,18,False,TV,SG
814,449,104,2025-08-05 03:37:37.357816,59,False,TV,MY
815,410,1,2025-07-15 00:40:13.689621,30,True,Web,MY
816,188,110,2026-06-06 16:47:29.935067,81,False,Web,MY
817,132,176,2026-05-29 14:05:36.331918,32,True,TV,PH
818,334,173,2026-05-08 09:52:40.610240,105,False,Mobile,MY
819,402,11,2026-04-20 15:42:02.747697,105,True,Web,ID
820,366,182,2025-06-30 02:59:09.891937,64,True,TV,MY
821,418,123,2026-03-05 12:14:44.755157,65,False,Tablet,SG
822,168,129,2025-08-04 18:02:22.226141,120,True,Mobile,SG
823,310,129,2025-12-06 11:44:06.168380,146,False,TV,MY
824,345,75,2025-07-03 10:00:28.264324,127,True,Tablet,PH
825,39,49,2025-09-09 10:43:50.910738,129,True,TV,SG
826,47,28,2026-01-07 14:37:48.201730,54,True,Web,MY
827,129,134,2025-09-07 13:04:37.489170,17,True,Tablet,MY
828,81,122,2026-01-02 05:25:35.279247,100,True,Web,SG
829,119,17,2025-09-27 13:56:14.328389,17,False,Mobile,PH
830,416,86,2025-12-18 12:41:46.387736,117,True,Web,ID
831,310,152,2026-03-18 16:56:17.824992,147,False,TV,SG
832,81,79,2025-08-15 17:37:15.246378,55,False,Mobile,MY
833,183,198,2026-03-07 07:43:26.385103,24,True,TV,PH
834,402,42,2025-07-01 19:47:33.436172,85,True,Mobile,ID
835,427,40,2026-01-24 01:05:05.083247,53,True,Mobile,SG
836,78,113,2026-02-22 10:56:00.717000,78,True,Mobile,ID
837,426,82,2025-07-10 23:45:22.231411,100,True,TV,PH
838,346,78,2025-08-26 07:35:04.137405,43,False,TV,MY
839,89,118,2025-10-06 20:11:52.335277,93,True,Tablet,MY
840,329,85,2026-04-09 08:26:24.975408,87,True,TV,PH
841,372,171,2026-02-05 19:32:03.305882,49,False,Web,PH
842,212,177,2025-07-14 11:56:09.177341,40,False,Tablet,SG
843,360,30,2026-02-19 06:03:13.304800,90,True,Web,SG
844,225,24,2025-06-28 03:39:31.368092,95,True,Web,MY
845,141,197,2025-11-14 01:22:24.309038,83,True,Mobile,TH
846,432,172,2025-10-02 04:50:42.006698,34,False,TV,MY
847,389,155,2026-05-02 07:45:28.537807,142,False,Tablet,MY
848,90,184,2026-02-21 04:53:05.214656,121,True,TV,SG
849,221,79,2026-05-06 18:41:39.536211,126,False,Mobile,ID
850,284,190,2025-07-02 01:50:21.631714,118,False,TV,TH
851,272,187,2026-05-07 22:06:54.348802,118,True,Web,SG
852,132,78,2026-02-17 07:11:08.050404,133,False,Web,SG
853,383,194,2025-09-17 12:58:19.117173,108,True,TV,TH
854,266,45,2025-11-11 03:44:19.356781,130,False,Web,SG
855,117,98,2026-06-16 19:20:57.161552,86,True,Mobile,TH
856,380,78,2025-07-31 11:42:20.039235,138,True,TV,SG
857,3,40,2025-10-18 07:48:52.743101,79,True,Web,ID
858,76,168,2026-05-07 16:31:30.702626,85,True,TV,ID
859,155,8,2026-01-05 06:08:10.947405,42,False,TV,PH
860,387,191,2025-09-01 04:41:36.280544,104,True,Web,TH
861,407,176,2025-12-24 23:11:17.845456,133,False,Tablet,MY
862,466,148,2025-12-09 09:12:03.566224,16,False,Mobile,SG
863,202,119,2026-05-29 10:45:53.542402,46,True,Mobile,MY
864,411,92,2025-07-02 22:57:57.602917,24,True,Web,PH
865,334,50,2025-09-23 11:11:00.442558,58,False,Web,SG
866,204,81,2026-01-04 11:19:52.871520,89,True,Web,MY
867,346,149,2025-10-24 22:35:40.897660,102,False,Mobile,MY
868,234,200,2025-11-15 19:03:06.193623,136,True,Tablet,SG
869,138,40,2025-08-21 10:52:25.243509,140,True,Mobile,TH
870,398,177,2025-10-29 18:23:33.846159,146,False,Web,ID
871,68,107,2025-10-31 15:23:20.232052,129,False,Mobile,SG
872,11,123,2026-02-08 11:13:40.667235,101,True,TV,TH
873,386,134,2025-09-19 09:07:03.433364,99,True,TV,ID
874,70,57,2026-06-17 09:39:28.084949,44,False,Mobile,SG
875,78,54,2025-12-25 04:27:12.029982,45,False,TV,ID
876,67,20,2026-04-17 15:27:40.646453,16,False,Web,SG
877,64,9,2026-02-08 16:08:56.412594,143,True,TV,TH
878,27,17,2026-05-12 00:52:38.770850,89,True,Web,ID
879,389,53,2026-05-16 07:39:15.564237,63,True,TV,SG
880,473,72,2026-04-18 17:27:30.906535,101,True,Tablet,ID
881,397,62,2025-07-05 20:53:39.578554,141,True,Mobile,MY
882,9,136,2026-01-13 19:04:06.614352,67,False,Tablet,SG
883,477,138,2025-10-05 10:42:55.183757,13,False,Mobile,SG
884,328,182,2025-08-19 12:26:27.009558,133,True,Web,MY
885,63,47,2026-05-18 19:01:36.560199,102,False,TV,MY
886,261,29,2026-02-20 01:06:34.087188,92,True,Mobile,SG
887,484,93,2025-07-27 04:11:36.177917,85,True,Mobile,SG
888,69,99,2025-11-11 16:56:21.241679,84,True,Web,ID
889,284,58,2026-06-10 23:02:32.268127,116,True,Tablet,SG
890,41,122,2026-02-03 19:10:44.262573,106,True,Tablet,MY
891,62,102,2026-02-08 13:48:06.679321,124,True,Web,SG
892,253,103,2025-09-16 04:10:56.643488,38,False,Tablet,SG
893,229,51,2025-09-20 21:32:54.568186,98,True,Tablet,MY
894,148,109,2025-08-19 21:33:56.732330,139,True,Web,MY
895,171,194,2026-06-14 14:05:57.349552,114,True,Web,PH
896,310,131,2026-05-23 09:07:31.644561,83,True,TV,SG
897,315,128,2025-10-23 09:02:03.557588,71,True,Mobile,SG
898,32,18,2026-01-09 03:41:39.337094,139,True,Tablet,MY
899,433,84,2025-09-08 14:59:16.732557,51,True,Web,ID
900,424,193,2025-08-14 17:19:54.871978,145,False,Tablet,SG
901,424,128,2026-01-08 19:58:51.796527,137,True,Web,TH
902,349,140,2026-04-13 08:07:56.124306,16,False,Mobile,MY
903,70,99,2026-05-06 03:50:23.113340,127,True,TV,MY
904,19,46,2025-10-15 23:12:32.812114,89,False,Mobile,MY
905,196,184,2026-03-09 15:39:34.833328,111,True,Mobile,ID
906,423,142,2026-01-02 10:09:23.358221,132,True,Tablet,MY
907,248,68,2025-08-13 12:11:39.241574,138,True,TV,ID
908,487,73,2026-06-23 18:32:45.936870,94,True,Web,SG
909,230,90,2026-06-16 12:01:46.314374,18,False,Web,MY
910,274,89,2025-08-17 02:58:27.805391,103,True,Mobile,SG
911,149,166,2026-05-31 21:19:11.699362,91,True,Tablet,SG
912,193,30,2026-05-26 01:47:17.074491,98,True,Web,SG
913,422,109,2025-10-19 01:41:56.106539,143,False,TV,ID
914,382,6,2026-01-14 16:06:52.649100,93,True,TV,MY
915,315,26,2026-06-06 13:49:01.129534,64,True,TV,ID
916,212,43,2025-08-07 08:21:28.478917,88,True,TV,MY
917,46,138,2025-10-19 02:35:15.276344,66,True,Mobile,PH
918,258,58,2026-05-12 09:17:59.979380,35,False,Web,MY
919,171,18,2026-03-17 16:00:28.882095,147,True,Mobile,ID
920,419,78,2026-03-31 16:13:22.616802,141,False,TV,MY
921,126,107,2026-05-12 13:37:42.016905,114,True,Web,ID
922,356,47,2025-11-23 07:58:47.877978,16,True,Web,SG
923,324,55,2025-11-22 07:32:15.323341,131,True,Web,TH
924,488,112,2025-12-03 21:52:27.644641,27,True,TV,SG
925,92,192,2026-06-01 03:47:38.809322,88,False,TV,TH
926,38,163,2026-05-17 16:19:59.298679,64,False,TV,SG
927,97,66,2026-05-31 23:14:56.831823,72,True,Mobile,SG
928,155,80,2025-10-03 02:38:05.285089,130,True,Tablet,MY
929,21,52,2026-04-05 16:04:33.841605,52,True,Mobile,ID
930,177,169,2025-08-03 02:32:09.918581,57,True,Mobile,ID
931,496,6,2025-08-31 14:02:48.419328,26,False,Mobile,ID
932,38,105,2026-03-30 14:02:05.958025,105,True,Tablet,MY
933,461,36,2026-02-03 15:05:13.714500,72,True,Web,PH
934,339,171,2025-09-30 13:51:25.026853,146,True,Tablet,SG
935,75,198,2026-01-18 05:10:01.184499,92,True,Web,MY
936,474,191,2025-09-17 10:43:00.471372,72,False,Mobile,SG
937,136,71,2025-09-17 21:51:34.937748,124,True,Tablet,SG
938,346,96,2026-03-03 03:59:34.454812,40,True,TV,ID
939,177,38,2025-11-03 07:48:07.088915,104,True,TV,SG
940,416,156,2026-03-03 10:41:04.853011,20,False,Web,PH
941,440,172,2025-12-16 04:23:02.434948,73,True,TV,ID
942,446,93,2025-12-25 13:51:36.392483,43,True,Mobile,MY
943,6,101,2026-01-31 23:21:41.353879,77,True,Tablet,ID
944,189,54,2026-03-12 03:59:31.648510,53,False,Web,TH
945,487,165,2025-11-08 16:38:30.096193,116,False,TV,SG
946,495,126,2026-05-02 08:09:55.538146,132,False,Tablet,SG
947,271,26,2025-12-21 14:29:50.964985,53,False,TV,MY
948,389,187,2025-08-14 08:00:24.675576,95,True,Mobile,SG
949,414,48,2025-09-03 16:40:21.418258,125,False,Mobile,MY
950,407,79,2025-07-06 21:07:11.502584,92,True,Mobile,SG
951,454,197,2026-03-31 08:22:02.781467,45,False,Web,ID
952,202,116,2025-06-30 14:12:53.053311,134,False,Mobile,SG
953,384,84,2025-10-01 16:07:11.836708,84,True,TV,SG
954,239,147,2025-11-22 23:14:53.164682,69,True,Mobile,MY
955,397,161,2026-03-23 06:00:40.757298,70,False,Tablet,SG
956,447,44,2026-06-21 01:18:28.628616,24,True,TV,SG
957,53,95,2026-03-28 21:05:27.788952,55,False,Mobile,ID
958,279,198,2025-07-19 06:20:18.523891,128,False,TV,SG
959,129,49,2026-05-29 17:22:03.122106,80,True,TV,SG
960,131,154,2026-06-20 02:22:43.216730,67,False,TV,ID
961,269,47,2026-05-07 19:38:53.014210,116,False,Mobile,PH
962,149,159,2025-12-21 01:19:30.703382,127,False,TV,ID
963,294,22,2025-10-21 18:33:37.522610,14,True,Tablet,PH
964,255,176,2025-12-09 05:19:56.546531,66,False,Web,ID
965,163,19,2025-09-23 05:51:04.515135,36,True,Mobile,PH
966,302,91,2025-11-19 23:34:05.720603,23,True,TV,MY
967,253,172,2025-07-10 09:14:32.719620,106,True,Tablet,SG
968,108,67,2026-03-20 16:20:42.850704,55,True,Tablet,TH
969,81,23,2025-11-11 00:52:19.224625,93,False,TV,SG
970,197,12,2025-10-17 09:23:15.531535,44,True,Tablet,SG
971,227,111,2026-02-03 10:54:29.892676,84,False,TV,TH
972,167,133,2026-03-23 06:53:54.079505,92,True,Mobile,ID
973,317,196,2026-01-27 23:45:44.909821,50,True,Tablet,ID
974,282,14,2026-01-02 22:38:53.228088,60,True,Mobile,SG
975,165,42,2026-05-10 23:30:24.036276,131,True,Tablet,PH
976,24,114,2026-04-08 12:33:14.348353,103,False,Web,MY
977,67,185,2026-01-01 06:29:17.920388,49,True,Mobile,TH
978,110,44,2025-12-07 01:18:16.687599,142,False,Web,ID
979,134,150,2026-04-23 03:58:31.447397,13,True,Web,MY
980,47,64,2025-07-10 14:24:39.863697,139,True,Tablet,SG
981,434,175,2026-06-23 19:51:57.475382,43,True,Web,PH
982,204,40,2025-12-31 13:25:34.670204,19,True,Tablet,ID
983,290,161,2025-11-16 14:26:10.090883,80,True,Mobile,PH
984,421,160,2026-03-20 14:55:40.178580,127,True,Web,ID
985,370,34,2026-01-14 19:16:33.640211,66,False,Tablet,SG
986,33,191,2025-12-30 14:50:45.480978,30,True,Web,SG
987,162,46,2026-02-10 10:43:01.898729,73,False,Tablet,SG
988,132,42,2025-07-13 02:42:55.475815,111,False,TV,ID
989,420,40,2025-10-09 11:00:42.262671,42,True,Tablet,ID
990,195,176,2025-11-17 11:43:31.772100,45,True,Mobile,MY
991,126,126,2025-10-14 08:15:06.840531,126,False,TV,MY
992,271,24,2026-04-23 09:19:49.645069,120,False,Web,MY
993,273,24,2025-12-10 14:39:42.657559,22,True,Tablet,ID
994,417,176,2025-11-26 09:48:19.561572,51,False,Web,ID
995,50,75,2026-02-04 01:11:28.582650,131,True,Tablet,MY
996,91,33,2025-07-15 00:44:46.764378,88,False,Web,SG
997,29,142,2025-12-30 22:14:06.773461,31,False,Web,MY
998,265,25,2025-08-16 01:26:30.098426,130,True,Web,SG
999,162,150,2026-04-24 05:15:02.227306,32,False,Mobile,ID
1000,297,46,2025-12-07 02:04:49.309345,58,False,Mobile,MY
1001,449,77,2026-03-16 01:09:06.020386,92,True,TV,ID
1002,405,68,2025-08-05 10:38:17.869790,99,False,Tablet,SG
1003,115,21,2026-04-05 12:46:25.059161,78,False,Mobile,MY
1004,4,102,2026-06-02 15:30:18.847206,41,True,Web,MY
1005,260,169,2026-03-06 08:34:22.199905,136,True,Tablet,ID
1006,440,173,2025-08-13 12:40:08.996463,113,False,Mobile,SG
1007,120,29,2025-11-23 03:45:53.811309,16,False,Mobile,SG
1008,308,167,2025-12-06 18:57:37.887543,49,True,TV,ID
1009,348,49,2025-08-29 10:36:36.091779,34,True,TV,MY
1010,14,30,2026-01-26 17:10:01.610430,54,False,Web,MY
1011,310,121,2026-03-12 09:23:07.350974,17,False,Web,SG
1012,370,101,2025-09-06 20:41:26.962558,25,True,Mobile,TH
1013,278,107,2025-12-08 04:14:49.947361,138,False,Web,MY
1014,184,10,2025-09-24 10:45:52.932470,136,True,Web,ID
1015,433,125,2026-03-04 18:01:56.272437,71,False,Web,MY
1016,198,142,2026-05-22 10:34:18.354171,28,True,Web,TH
1017,69,127,2026-04-12 00:24:37.450304,100,True,TV,SG
1018,462,50,2026-03-14 11:42:13.379233,132,True,Mobile,SG
1019,436,87,2025-08-09 05:33:44.235003,131,True,TV,ID
1020,268,173,2025-08-05 19:20:44.834928,104,False,Tablet,TH
1021,404,54,2025-12-06 05:55:19.236424,84,False,Mobile,MY
1022,104,52,2025-11-04 16:04:40.714581,52,True,Mobile,MY
1023,320,78,2026-01-02 10:15:36.439761,72,True,Mobile,SG
1024,165,92,2025-11-12 09:25:15.870506,52,True,Tablet,MY
1025,38,87,2026-04-10 00:54:11.672757,122,True,Mobile,MY
1026,312,67,2025-12-28 23:44:55.129553,99,False,Tablet,ID
1027,363,69,2026-06-06 23:55:04.744650,50,False,Tablet,ID
1028,62,181,2025-11-10 10:00:33.600328,24,False,TV,MY
1029,477,29,2025-11-11 02:54:46.911004,39,False,Web,TH
1030,61,144,2026-04-01 16:59:20.216938,22,True,Mobile,SG
1031,131,93,2026-05-24 07:11:32.106556,52,False,Web,ID
1032,324,188,2026-01-17 15:34:00.453395,37,True,TV,TH
1033,75,52,2026-02-20 23:53:16.842369,124,False,Tablet,SG
1034,303,88,2025-08-18 22:15:14.128258,85,True,Mobile,MY
1035,477,107,2026-05-08 10:27:29.219106,104,True,Mobile,ID
1036,344,108,2025-08-29 10:30:23.271968,70,True,TV,TH
1037,294,133,2026-03-12 04:14:26.594481,104,False,TV,ID
1038,458,133,2025-11-25 08:33:20.660761,29,True,TV,PH
1039,99,112,2025-10-16 03:45:59.451842,27,True,Mobile,PH
1040,92,148,2026-04-01 20:13:59.320013,26,False,Tablet,ID
1041,338,76,2025-12-05 02:23:45.282868,119,True,Web,MY
1042,192,185,2026-02-08 21:56:19.193217,92,False,Mobile,SG
1043,342,157,2025-08-07 01:03:11.862197,49,False,TV,SG
1044,353,160,2025-08-12 03:55:24.316142,125,False,Tablet,ID
1045,260,199,2025-09-07 04:45:09.710653,62,False,Mobile,MY
1046,247,186,2026-02-07 11:49:03.914370,44,True,Web,SG
1047,331,142,2025-09-25 13:18:48.220503,91,True,Web,SG
1048,17,139,2025-12-09 14:57:17.271433,78,True,Tablet,ID
1049,328,29,2026-05-03 12:55:52.878896,27,False,TV,MY
1050,76,13,2026-01-09 14:48:14.609327,43,True,Web,SG
1051,212,61,2025-06-27 05:00:40.553463,148,False,Mobile,SG
1052,427,184,2026-05-13 12:09:55.029821,47,False,Web,SG
1053,206,133,2025-09-19 23:47:16.417907,61,False,TV,SG
1054,453,109,2026-01-26 04:25:44.999301,117,True,Mobile,TH
1055,304,55,2025-12-15 20:34:49.674253,126,True,Web,MY
1056,365,133,2025-11-21 21:53:30.367793,113,False,Web,ID
1057,282,177,2025-07-24 02:38:52.014497,137,False,TV,SG
1058,328,33,2026-01-30 06:57:15.678300,136,False,Mobile,ID
1059,342,31,2025-09-22 11:42:00.946812,66,True,Mobile,SG
1060,365,95,2026-01-11 00:28:06.675431,42,True,TV,SG
1061,371,75,2026-02-06 11:19:25.270373,22,True,Mobile,SG
1062,235,78,2026-01-14 17:56:27.500578,87,True,Tablet,SG
1063,382,108,2026-04-22 12:34:07.424273,24,False,TV,SG
1064,111,190,2025-07-12 23:24:49.655239,137,True,Web,SG
1065,27,107,2025-08-18 06:10:52.759618,135,True,Web,TH
1066,496,97,2026-02-18 17:04:17.980751,133,False,Tablet,SG
1067,84,130,2025-07-08 12:29:28.538002,129,False,Web,SG
1068,463,84,2026-05-02 23:03:57.406317,34,False,Web,MY
1069,148,102,2026-02-23 17:20:05.818666,98,True,Tablet,TH
1070,467,72,2026-04-27 04:26:12.314496,34,False,Web,MY
1071,491,182,2025-10-12 02:40:13.098817,91,True,Mobile,MY
1072,121,159,2026-05-27 06:28:28.941731,25,False,Web,ID
1073,327,5,2025-07-13 00:24:01.769984,42,True,Web,PH
1074,173,53,2025-11-24 09:32:51.569476,74,False,Tablet,MY
1075,51,137,2025-08-29 05:05:09.441113,94,True,Mobile,TH
1076,14,88,2026-02-25 13:59:14.327073,123,True,Mobile,MY
1077,243,66,2026-02-03 07:16:10.103932,35,True,Mobile,SG
1078,88,47,2026-03-04 16:14:44.686177,77,False,Mobile,PH
1079,433,44,2026-01-28 09:57:31.229006,27,True,TV,SG
1080,34,77,2026-04-08 15:57:09.438140,111,True,Mobile,TH
1081,164,97,2025-08-28 21:49:04.980878,42,True,Mobile,MY
1082,151,127,2025-12-08 09:59:07.629649,142,False,TV,SG
1083,36,82,2026-01-22 13:40:58.443500,130,True,Mobile,SG
1084,410,60,2026-05-31 07:43:54.749692,16,True,Tablet,ID
1085,156,196,2025-07-29 02:55:33.679452,44,True,TV,SG
1086,411,129,2025-10-12 10:08:48.941998,64,False,Mobile,MY
1087,101,63,2025-11-06 17:23:40.057389,120,False,Web,SG
1088,298,159,2025-11-10 12:17:41.078151,86,True,Mobile,SG
1089,308,70,2025-07-19 19:45:11.487994,76,False,TV,MY
1090,409,55,2025-11-28 04:25:17.586171,142,True,Mobile,MY
1091,41,77,2026-01-12 03:54:02.635979,34,True,Mobile,SG
1092,362,72,2025-10-10 01:30:16.627562,122,True,TV,TH
1093,435,88,2025-08-13 05:59:57.945848,78,False,Web,SG
1094,425,83,2026-03-05 19:28:14.241049,99,True,Tablet,SG
1095,441,35,2025-10-03 08:05:25.507121,12,True,Mobile,SG
1096,104,106,2026-01-03 14:37:15.966128,137,False,Web,ID
1097,418,167,2026-01-02 17:31:33.918820,31,True,Tablet,TH
1098,284,173,2026-03-06 06:04:39.748734,43,True,Tablet,TH
1099,226,100,2026-02-03 15:43:10.446518,57,False,Tablet,PH
1100,76,119,2025-08-04 00:43:13.756317,106,False,TV,SG
1101,13,195,2026-03-18 15:13:42.249822,83,False,Web,SG
1102,398,161,2026-02-09 20:04:43.600772,89,False,Mobile,PH
1103,228,10,2026-06-20 16:04:02.978464,83,True,Web,ID
1104,5,51,2025-12-18 18:16:37.074113,113,True,TV,MY
1105,102,142,2026-03-03 15:10:53.254143,61,True,Web,ID
1106,368,45,2026-06-01 04:52:25.033889,28,True,Web,SG
1107,370,59,2026-06-20 08:05:00.427544,145,False,TV,TH
1108,14,178,2025-10-08 00:01:05.928703,148,True,Web,TH
1109,3,110,2026-02-02 11:35:20.526055,25,False,TV,TH
1110,261,71,2025-10-18 16:51:57.887557,43,False,TV,MY
1111,480,12,2026-01-03 00:03:24.194506,69,True,Tablet,MY
1112,198,2,2026-06-23 12:44:52.270765,112,True,Mobile,MY
1113,15,189,2025-11-01 08:23:48.571133,69,False,TV,SG
1114,157,51,2025-08-11 11:38:15.237533,54,True,Mobile,ID
1115,17,123,2026-01-16 14:31:15.258280,122,False,Web,ID
1116,210,65,2025-12-31 22:13:10.734091,75,True,Mobile,SG
1117,32,86,2026-02-10 21:18:55.709369,145,False,Tablet,ID
1118,403,113,2025-12-21 23:46:45.024819,36,True,Web,SG
1119,36,9,2025-08-29 19:37:37.013865,108,True,Tablet,SG
1120,79,16,2026-02-02 16:30:28.613585,125,True,Web,MY
1121,61,174,2026-03-10 21:54:27.022219,26,True,TV,MY
1122,58,159,2026-06-17 18:32:27.438904,117,True,Web,ID
1123,7,117,2025-06-25 16:27:40.587533,110,True,TV,ID
1124,60,87,2025-07-03 20:51:57.036767,18,True,TV,SG
1125,61,4,2026-02-08 13:14:31.525954,29,True,Tablet,TH
1126,78,164,2025-08-07 04:18:42.937392,142,True,TV,ID
1127,284,48,2026-04-30 20:34:46.427485,74,True,Mobile,SG
1128,380,112,2026-04-13 03:23:33.147581,143,False,Web,SG
1129,351,199,2026-06-24 23:29:01.255223,49,True,TV,SG
1130,231,3,2025-11-23 07:59:18.933110,144,True,Web,SG
1131,329,144,2025-10-25 00:32:46.130905,25,True,Mobile,SG
1132,128,18,2026-01-15 19:04:16.138999,99,True,TV,ID
1133,300,154,2026-02-12 22:48:23.024073,96,False,Web,SG
1134,190,108,2025-06-29 05:37:56.903104,96,True,TV,ID
1135,25,127,2025-09-06 14:09:41.429812,68,False,Web,ID
1136,299,160,2025-10-05 23:16:31.525028,66,True,Web,PH
1137,208,190,2026-04-09 17:16:02.871705,108,True,Mobile,PH
1138,228,3,2025-10-15 12:27:49.084537,30,True,Web,SG
1139,282,50,2025-12-27 04:07:22.796207,104,True,Mobile,SG
1140,105,57,2025-10-21 10:02:31.083518,79,False,TV,MY
1141,108,51,2025-06-27 08:20:54.630017,17,True,TV,SG
1142,432,36,2026-03-02 14:28:30.921684,109,True,Tablet,SG
1143,133,79,2025-10-27 18:53:49.425645,128,True,Tablet,ID
1144,341,160,2026-03-16 16:29:25.616473,123,False,Mobile,SG
1145,80,49,2026-02-05 02:15:11.302697,61,True,Web,SG
1146,274,163,2025-07-05 17:50:21.530835,74,False,Tablet,MY
1147,347,76,2025-08-28 06:07:32.771447,50,True,Mobile,ID
1148,78,131,2025-10-23 19:49:01.300443,137,True,Mobile,MY
1149,425,158,2025-10-26 12:52:36.126537,28,True,TV,TH
1150,475,131,2026-02-25 17:20:23.582739,107,True,TV,SG
1151,235,135,2026-05-25 17:28:07.601953,135,False,TV,SG
1152,258,164,2026-04-12 07:08:38.115332,21,True,Tablet,MY
1153,149,102,2026-02-15 22:14:08.675326,67,True,Tablet,MY
1154,235,66,2025-12-17 23:16:39.108291,33,True,Mobile,MY
1155,223,59,2026-02-09 04:29:32.209663,22,True,Web,MY
1156,300,111,2026-05-16 22:10:21.115111,116,True,TV,SG
1157,15,46,2026-01-07 05:31:55.057261,125,True,Web,MY
1158,50,76,2025-10-25 12:05:38.899193,140,True,Web,ID
1159,144,26,2026-04-07 10:51:46.947857,42,True,Mobile,SG
1160,124,173,2025-11-23 07:12:59.599142,96,True,Web,ID
1161,173,49,2026-03-23 07:55:19.636699,47,False,Web,ID
1162,165,3,2026-04-26 02:56:23.241953,88,True,TV,PH
1163,260,149,2025-10-12 10:34:43.585949,15,True,Web,ID
1164,91,102,2026-03-16 21:27:54.428262,70,True,Web,MY
1165,336,151,2025-10-18 08:13:31.874468,131,False,TV,ID
1166,197,49,2026-01-06 20:02:48.483385,121,False,Web,SG
1167,287,143,2025-09-09 04:10:55.790689,19,True,Web,SG
1168,468,3,2026-03-02 11:28:23.108801,139,False,Tablet,SG
1169,269,109,2026-04-13 03:08:17.441483,115,False,Web,SG
1170,381,6,2026-05-15 10:51:23.529807,20,False,Mobile,PH
1171,208,146,2025-11-01 06:08:13.119837,112,False,Mobile,MY
1172,346,99,2026-06-14 06:00:02.691481,60,True,TV,PH
1173,413,78,2025-10-05 13:02:55.082783,35,True,Web,SG
1174,439,155,2025-07-06 11:51:35.328381,137,True,Mobile,TH
1175,245,73,2026-06-19 08:46:09.813723,64,True,Web,SG
1176,34,95,2026-02-08 22:26:49.419331,144,True,TV,TH
1177,248,41,2026-04-28 18:55:48.644526,40,True,TV,ID
1178,247,53,2026-01-19 15:41:28.910811,45,False,TV,TH
1179,426,122,2025-11-14 09:26:52.059753,52,True,Tablet,MY
1180,327,184,2026-01-28 11:54:44.617213,129,True,Mobile,SG
1181,38,103,2026-05-06 21:25:26.838444,75,True,Tablet,TH
1182,296,119,2026-03-26 14:25:27.958372,22,False,TV,TH
1183,291,89,2026-03-09 16:47:50.779652,88,True,Tablet,TH
1184,266,64,2025-10-17 23:25:46.487285,57,False,Web,MY
1185,423,47,2025-07-06 15:50:55.257592,36,True,Tablet,SG
1186,95,71,2025-11-23 06:29:04.691459,86,True,Mobile,ID
1187,138,127,2025-12-23 15:39:47.563886,117,False,Web,PH
1188,47,194,2025-09-19 21:43:05.628085,38,True,Tablet,MY
1189,99,65,2025-12-07 03:54:20.740322,65,True,TV,SG
1190,443,173,2026-06-07 08:26:45.050554,130,True,Web,TH
1191,255,10,2025-09-12 01:14:01.109028,14,True,Web,SG
1192,429,192,2025-10-13 12:39:10.737852,130,True,Mobile,MY
1193,154,183,2025-08-05 02:23:44.629871,124,True,Tablet,TH
1194,102,5,2026-04-07 19:14:02.053811,37,True,Mobile,ID
1195,101,20,2026-04-05 04:31:38.046665,14,True,Mobile,MY
1196,137,183,2026-05-24 16:50:38.198078,20,False,Web,MY
1197,29,163,2025-12-04 04:37:13.896035,145,True,Web,TH
1198,247,177,2025-07-04 05:10:32.100217,90,True,Web,SG
1199,239,197,2025-12-18 09:30:46.899938,63,False,TV,SG
1200,54,5,2025-12-24 17:57:33.796786,119,True,Mobile,TH
1201,434,172,2025-09-02 13:57:11.725546,28,True,Tablet,ID
1202,426,43,2026-05-28 10:58:53.644201,54,True,Web,TH
1203,204,144,2026-03-19 15:00:21.379176,60,True,Tablet,MY
1204,274,31,2026-01-02 08:36:01.343405,71,True,TV,SG
1205,258,168,2026-04-04 08:44:28.741949,92,True,Mobile,SG
1206,422,72,2025-08-16 10:41:35.998261,106,True,Tablet,MY
1207,487,154,2026-05-09 12:35:02.428549,139,False,Mobile,MY
1208,370,44,2026-04-21 09:16:20.166788,76,False,Web,PH
1209,444,100,2026-06-02 17:05:42.892546,46,True,Web,TH
1210,200,171,2026-02-27 06:32:40.827338,135,True,Mobile,TH
1211,286,98,2025-08-12 13:58:12.268728,142,True,Mobile,MY
1212,8,60,2026-03-16 18:00:56.155368,17,True,Tablet,SG
1213,468,110,2025-12-09 21:18:59.660487,74,True,Mobile,MY
1214,188,52,2026-03-12 18:31:40.998105,50,True,Web,SG
1215,462,154,2026-01-01 21:21:11.265110,125,False,TV,SG
1216,415,195,2025-06-26 14:37:46.058416,22,True,Tablet,ID
1217,183,193,2026-05-31 15:14:55.428206,18,True,Web,SG
1218,131,139,2026-03-03 01:08:21.019135,25,False,Web,SG
1219,437,179,2026-01-28 03:59:08.294981,68,True,TV,SG
1220,283,162,2025-07-26 21:53:22.922989,13,True,TV,PH
1221,31,163,2025-12-12 15:07:31.599410,48,False,Mobile,SG
1222,358,53,2025-07-11 23:03:12.541757,72,True,TV,MY
1223,99,185,2026-01-01 05:51:45.428384,62,True,Mobile,SG
1224,182,148,2026-02-20 19:06:05.162830,126,False,Mobile,TH
1225,308,21,2025-10-17 05:44:06.111341,104,True,Mobile,MY
1226,328,157,2026-01-22 01:21:15.218663,122,False,Tablet,ID
1227,13,196,2025-10-17 02:46:23.040087,109,True,Mobile,TH
1228,190,153,2026-05-16 22:50:59.113992,51,True,Mobile,MY
1229,193,117,2025-10-20 07:21:49.118819,84,True,Web,SG
1230,83,184,2025-09-03 10:24:43.917549,132,True,Tablet,SG
1231,326,187,2025-10-04 03:38:48.456270,107,True,Tablet,PH
1232,471,96,2025-10-19 16:11:37.683311,110,True,Web,MY
1233,262,10,2025-12-03 05:19:01.252671,43,True,Web,SG
1234,280,66,2025-08-07 01:54:08.458221,101,True,TV,ID
1235,444,15,2025-08-18 15:30:46.628720,110,False,Web,SG
1236,20,93,2025-10-03 01:14:18.966320,19,False,Web,SG
1237,291,175,2025-06-30 16:20:24.206071,49,True,Web,PH
1238,97,4,2026-02-07 15:11:21.729745,41,False,Web,TH
1239,255,181,2025-12-29 20:44:08.597440,32,True,Mobile,MY
1240,273,65,2025-09-08 13:24:39.830768,89,True,Web,TH
1241,381,79,2025-10-31 01:24:28.994483,117,False,Tablet,TH
1242,64,163,2025-10-19 10:21:56.283296,100,False,TV,SG
1243,474,102,2025-08-15 19:27:23.475170,90,True,Mobile,MY
1244,58,18,2026-03-09 08:47:55.639641,118,True,Web,ID
1245,102,46,2025-10-06 13:39:35.900275,107,True,Mobile,MY
1246,327,29,2025-09-22 12:40:52.222064,127,True,Mobile,SG
1247,474,47,2025-07-21 03:06:04.478979,61,True,Tablet,MY
1248,406,160,2026-02-04 02:19:06.913713,39,False,Mobile,SG
1249,239,32,2025-10-26 19:54:25.804493,82,True,Mobile,SG
1250,310,173,2025-12-04 03:30:43.400158,37,True,TV,PH
1251,426,150,2025-08-11 14:48:02.943619,22,True,Web,SG
1252,389,134,2025-12-14 00:57:30.392580,80,False,TV,SG
1253,274,87,2026-02-26 19:50:18.979570,106,False,TV,SG
1254,152,93,2025-08-02 19:07:59.813798,114,True,Mobile,MY
1255,208,26,2025-07-14 18:12:00.474999,12,True,Web,ID
1256,85,7,2025-11-27 20:53:58.934636,43,False,TV,ID
1257,157,95,2025-08-29 11:31:31.066485,127,True,Web,MY
1258,265,170,2026-01-28 20:03:36.461375,60,True,Web,PH
1259,203,5,2026-01-27 14:33:43.669911,104,False,Tablet,ID
1260,433,114,2026-04-26 12:18:26.910753,71,True,TV,ID
1261,49,90,2026-03-07 13:04:24.449657,121,False,Tablet,MY
1262,423,180,2026-02-05 05:04:32.404074,37,False,TV,SG
1263,88,134,2025-10-17 05:22:59.144041,141,True,TV,SG
1264,430,141,2026-04-19 16:06:12.727783,131,True,TV,SG
1265,425,139,2026-03-12 11:42:07.588714,73,True,Mobile,PH
1266,446,23,2026-02-25 03:17:27.856549,39,True,Web,SG
1267,206,99,2026-01-05 23:00:15.061122,83,True,TV,MY
1268,429,32,2026-06-15 17:39:54.315970,46,False,Web,MY
1269,441,86,2026-03-28 03:15:52.301688,69,False,Tablet,ID
1270,415,88,2025-12-12 04:46:37.627977,108,False,Web,ID
1271,420,165,2025-08-12 05:53:20.868807,123,False,Mobile,SG
1272,52,29,2026-04-17 23:51:36.973870,34,True,Web,SG
1273,69,147,2026-05-27 00:22:36.303981,106,True,TV,MY
1274,468,1,2025-12-13 03:23:51.121242,91,True,Web,TH
1275,271,82,2025-12-08 12:08:41.402034,105,False,Tablet,SG
1276,425,155,2026-03-02 02:34:22.748748,68,True,Mobile,TH
1277,198,38,2026-03-11 12:11:07.724904,87,False,TV,MY
1278,388,73,2025-12-12 02:09:28.512852,49,False,Tablet,TH
1279,20,154,2025-09-17 17:34:45.133021,93,True,Tablet,SG
1280,450,147,2025-09-14 20:19:54.500519,134,True,Mobile,SG
1281,237,16,2026-05-05 14:45:59.885636,97,True,Web,TH
1282,143,180,2026-02-05 10:34:10.574585,25,False,Tablet,TH
1283,463,101,2026-05-24 12:31:44.852660,88,False,Web,TH
1284,14,141,2025-11-15 07:27:19.804341,112,True,Web,PH
1285,479,101,2026-03-07 15:15:25.899238,112,True,Web,SG
1286,122,180,2026-02-23 01:25:01.171643,112,True,TV,ID
1287,32,182,2026-04-09 04:50:53.398642,89,True,Mobile,SG
1288,444,124,2026-05-13 09:32:38.609297,86,False,Mobile,TH
1289,124,189,2025-12-07 15:58:26.100666,14,True,Tablet,SG
1290,500,38,2025-07-06 03:53:29.230478,108,False,TV,TH
1291,33,25,2025-12-15 17:16:12.974519,103,False,Mobile,SG
1292,334,167,2025-10-31 11:14:57.197946,98,True,Tablet,ID
1293,259,63,2025-12-10 13:44:14.044871,20,True,TV,SG
1294,386,45,2025-08-26 11:48:31.257719,108,False,Tablet,ID
1295,53,200,2026-04-01 14:11:39.644874,130,False,Web,SG
1296,420,114,2026-01-31 20:58:52.811098,106,True,Mobile,SG
1297,414,172,2025-08-10 15:18:30.888788,142,True,Web,PH
1298,307,71,2025-08-01 16:52:56.586616,36,False,Mobile,MY
1299,416,180,2026-04-19 17:04:32.785982,123,True,Mobile,SG
1300,454,138,2026-04-12 02:47:26.709931,59,True,Web,MY
1301,347,136,2025-10-22 03:05:56.986295,137,True,Tablet,MY
1302,419,32,2026-02-17 07:32:18.778208,65,False,Tablet,SG
1303,387,178,2026-04-10 12:51:45.957332,58,True,TV,SG
1304,24,33,2026-01-05 16:31:23.179171,64,True,Mobile,SG
1305,476,9,2025-11-18 12:03:51.679223,33,False,TV,MY
1306,353,44,2025-11-23 02:44:09.068461,120,False,Web,SG
1307,28,133,2026-02-06 21:02:35.378838,87,True,TV,MY
1308,443,81,2026-01-11 05:47:34.479733,145,False,Tablet,ID
1309,331,54,2026-06-15 19:30:16.254702,37,True,Mobile,SG
1310,86,77,2025-11-12 07:02:46.662082,67,False,Web,SG
1311,226,72,2025-10-27 13:13:18.741122,44,False,TV,MY
1312,165,98,2026-04-18 09:11:35.025516,53,True,Mobile,SG
1313,272,178,2026-01-26 22:54:22.555041,48,True,Mobile,ID
1314,410,179,2026-04-07 13:42:41.101219,61,False,Web,ID
1315,331,155,2025-12-01 02:48:34.030700,53,True,Mobile,PH
1316,279,98,2026-04-08 16:07:15.045249,18,False,Mobile,SG
1317,345,29,2026-01-09 23:47:43.003084,116,True,Web,MY
1318,209,200,2025-09-19 08:40:31.504532,81,True,Tablet,SG
1319,59,97,2026-02-22 02:54:12.062189,68,True,Mobile,PH
1320,105,135,2025-07-23 13:24:25.098368,90,True,Tablet,SG
1321,220,180,2026-05-31 02:19:38.118773,84,True,Web,TH
1322,102,82,2026-01-20 19:48:00.307389,111,True,Tablet,ID
1323,345,142,2025-12-19 20:17:16.111808,115,True,Mobile,SG
1324,333,183,2026-01-27 09:21:47.722718,51,True,Mobile,MY
1325,168,14,2025-12-11 04:20:51.253753,106,False,Mobile,ID
1326,450,118,2026-01-13 20:22:08.044050,58,True,TV,MY
1327,182,71,2026-04-21 08:15:36.447788,121,True,Web,PH
1328,146,79,2025-08-28 10:54:08.477509,34,False,TV,SG
1329,54,163,2026-06-09 05:38:53.564151,32,True,Mobile,SG
1330,374,15,2025-07-20 12:46:01.755897,33,False,Web,MY
1331,7,109,2025-08-03 19:49:57.701344,142,False,Mobile,MY
1332,436,174,2026-04-18 10:31:00.568860,148,False,TV,ID
1333,472,2,2026-04-02 20:00:51.372370,120,False,Web,SG
1334,469,170,2025-11-10 12:02:46.816106,147,False,Mobile,MY
1335,101,173,2025-12-22 15:28:33.472474,146,False,Mobile,MY
1336,82,132,2026-02-21 05:26:57.016933,102,False,TV,MY
1337,235,29,2025-07-28 04:11:38.132781,98,False,Mobile,MY
1338,487,31,2026-04-19 12:31:25.300278,86,True,TV,SG
1339,468,162,2026-05-15 04:07:30.072624,112,True,TV,PH
1340,415,132,2026-05-21 00:19:43.281155,21,False,Tablet,TH
1341,34,92,2026-02-12 10:47:27.462429,13,True,TV,MY
1342,4,90,2025-06-25 04:13:09.183079,59,True,Mobile,MY
1343,125,22,2025-08-17 16:45:45.262332,147,True,Mobile,SG
1344,312,2,2025-08-18 14:35:55.544354,51,False,TV,MY
1345,235,77,2026-01-05 03:27:51.694137,105,True,Mobile,TH
1346,64,113,2025-11-14 13:05:51.853481,124,True,TV,MY
1347,226,182,2026-01-22 04:36:41.085978,62,True,TV,SG
1348,270,191,2025-09-04 13:46:11.876953,96,False,Mobile,SG
1349,307,171,2026-03-01 00:36:57.358063,80,True,TV,MY
1350,435,183,2025-10-18 17:49:22.581568,44,True,Tablet,TH
1351,326,186,2026-01-19 09:30:34.049720,111,True,Tablet,ID
1352,78,40,2026-05-24 15:31:57.912050,100,True,Tablet,SG
1353,433,88,2025-10-14 08:13:00.147055,121,False,Web,MY
1354,184,73,2026-06-04 15:38:11.829094,136,True,TV,ID
1355,464,131,2025-11-30 21:18:58.223812,59,True,Tablet,TH
1356,446,64,2026-06-18 23:39:59.236772,121,True,Web,TH
1357,446,187,2025-10-28 20:20:39.930410,140,True,Mobile,TH
1358,408,163,2025-07-27 17:16:31.054687,50,True,Mobile,SG
1359,121,38,2025-06-28 01:46:29.104811,121,True,Mobile,TH
1360,240,105,2026-06-20 09:20:19.546103,146,True,Web,SG
1361,211,110,2025-11-19 17:42:03.150627,134,True,TV,SG
1362,66,69,2025-08-10 16:43:33.457337,105,True,TV,MY
1363,202,13,2025-10-10 13:21:19.741333,58,True,Mobile,ID
1364,134,74,2025-11-06 23:07:21.377668,132,True,Web,MY
1365,161,126,2026-01-11 13:59:55.350122,105,True,Mobile,ID
1366,435,142,2025-07-14 12:18:16.533183,45,True,Web,MY
1367,494,151,2026-03-09 00:02:12.419056,147,True,Mobile,SG
1368,380,99,2026-04-20 21:07:46.692960,34,False,Mobile,ID
1369,73,11,2025-11-03 07:39:19.965937,60,True,TV,SG
1370,355,159,2026-05-05 16:05:42.706283,99,True,TV,ID
1371,346,185,2026-05-07 06:56:35.760020,51,True,Mobile,MY
1372,161,195,2025-09-19 00:40:15.512658,100,False,TV,ID
1373,280,18,2026-03-08 14:06:42.552218,135,True,Tablet,MY
1374,14,43,2025-11-16 02:39:53.403183,82,False,Mobile,SG
1375,368,16,2025-10-19 07:13:51.524027,60,False,TV,ID
1376,333,20,2025-11-11 22:02:42.819098,54,True,TV,MY
1377,247,103,2025-11-11 11:18:39.394496,81,True,Mobile,MY
1378,384,179,2026-01-10 04:59:01.680555,14,False,Tablet,MY
1379,451,185,2026-02-22 01:48:37.044066,146,True,Tablet,SG
1380,169,142,2025-12-15 13:12:43.812591,42,True,Mobile,SG
1381,24,164,2025-09-01 20:33:16.637335,49,False,TV,SG
1382,31,165,2025-11-12 13:52:16.702463,75,False,Mobile,SG
1383,418,89,2026-05-28 18:23:27.761115,106,True,Tablet,TH
1384,167,185,2026-04-27 21:30:52.754886,46,True,Web,SG
1385,34,161,2025-08-20 10:52:24.172168,14,False,Mobile,PH
1386,106,66,2026-06-24 10:03:49.020886,16,True,Tablet,ID
1387,495,150,2026-02-24 20:14:30.449794,39,False,Web,PH
1388,163,161,2025-08-13 03:38:49.981852,64,False,Mobile,SG
1389,378,162,2025-07-21 07:30:41.471798,113,True,Mobile,ID
1390,231,38,2025-06-30 20:17:38.878019,134,True,Mobile,SG
1391,106,49,2026-03-15 13:41:23.722090,137,False,Mobile,SG
1392,195,42,2025-12-19 20:54:37.600493,57,False,Web,SG
1393,88,19,2025-12-01 14:55:06.749933,121,True,Tablet,PH
1394,60,186,2026-06-21 18:36:48.711376,146,True,Web,SG
1395,60,97,2025-07-26 00:44:33.960301,110,True,Tablet,ID
1396,415,12,2026-02-14 16:21:01.629963,45,True,Mobile,SG
1397,407,154,2025-11-23 23:53:33.163477,15,False,Mobile,ID
1398,351,189,2025-12-08 16:02:27.854658,98,False,Mobile,SG
1399,480,145,2026-04-09 06:09:38.015872,125,False,TV,MY
1400,154,15,2026-01-31 20:53:14.562781,80,True,Mobile,TH
1401,61,140,2025-11-27 14:13:26.136348,87,True,Tablet,MY
1402,1,58,2025-08-29 18:39:50.362560,18,True,TV,MY
1403,182,58,2025-12-28 04:00:43.969134,110,False,Web,TH
1404,317,44,2026-01-12 17:44:29.067526,40,True,Tablet,SG
1405,47,158,2025-12-06 11:35:47.467001,97,True,Tablet,TH
1406,27,155,2025-11-01 21:08:28.473204,50,True,Web,MY
1407,433,109,2025-08-31 23:12:10.601353,50,False,Web,ID
1408,182,90,2026-01-31 22:08:50.673997,38,True,TV,MY
1409,167,183,2026-01-22 04:40:24.693289,31,False,Tablet,PH
1410,494,168,2026-04-30 09:28:58.695536,49,True,TV,ID
1411,500,123,2025-09-19 13:53:48.215401,29,True,TV,ID
1412,89,24,2025-12-25 08:38:15.440628,94,False,Mobile,MY
1413,202,127,2025-11-22 03:54:32.424634,120,True,Tablet,ID
1414,411,86,2026-01-10 14:09:56.490423,47,False,Web,SG
1415,269,141,2025-11-06 03:22:28.206799,139,True,TV,MY
1416,146,99,2026-06-17 09:33:46.710448,33,True,TV,MY
1417,443,192,2026-01-18 14:51:58.232041,68,False,Mobile,SG
1418,11,93,2026-03-09 13:26:04.306413,133,False,Tablet,SG
1419,220,93,2025-08-05 10:34:30.136545,47,True,Mobile,TH
1420,270,63,2025-12-17 23:36:18.874874,65,False,Mobile,SG
1421,444,181,2026-03-04 07:20:11.895989,48,True,Mobile,PH
1422,234,14,2025-08-16 00:06:29.092289,39,True,Mobile,TH
1423,95,8,2026-03-19 04:56:37.915062,49,True,Mobile,SG
1424,370,107,2026-06-19 08:25:17.934819,50,False,TV,SG
1425,342,179,2026-06-19 09:12:15.304333,88,True,Web,MY
1426,416,178,2026-04-05 13:59:21.201409,15,True,Mobile,TH
1427,19,155,2025-12-11 22:07:24.937905,56,True,Mobile,TH
1428,434,117,2025-07-23 16:23:20.679482,78,False,TV,ID
1429,271,41,2026-05-16 03:23:19.811171,81,False,Web,PH
1430,78,191,2025-07-27 09:54:10.140234,66,True,Mobile,MY
1431,472,144,2025-12-14 16:00:01.541391,31,False,TV,SG
1432,414,104,2026-03-23 00:02:44.789387,109,True,Tablet,ID
1433,122,70,2026-06-10 21:20:09.860317,39,True,TV,ID
1434,210,8,2025-07-23 15:03:02.484980,73,True,Web,SG
1435,386,3,2026-02-11 13:21:26.322947,91,True,Mobile,PH
1436,153,69,2026-04-12 14:32:27.481972,33,False,Web,MY
1437,309,12,2025-10-17 05:54:03.209727,24,True,Tablet,SG
1438,225,193,2025-07-14 09:12:35.773538,84,False,TV,SG
1439,248,186,2025-10-28 14:02:47.822132,103,False,Web,SG
1440,261,190,2026-04-05 10:59:07.212717,140,True,Tablet,SG
1441,381,98,2025-12-13 08:35:41.266566,134,True,Tablet,SG
1442,92,175,2025-12-29 08:29:06.431539,130,True,Web,PH
1443,147,56,2025-12-13 11:46:54.720689,48,False,Mobile,PH
1444,336,187,2026-03-20 03:02:43.946704,145,False,TV,ID
1445,212,75,2025-11-25 21:07:46.145042,104,True,Tablet,SG
1446,453,199,2026-06-10 22:49:42.568807,111,True,Tablet,ID
1447,93,146,2026-04-12 15:38:11.485944,139,True,Mobile,ID
1448,195,141,2025-10-08 17:44:06.491689,34,True,TV,SG
1449,188,42,2025-07-08 00:15:52.835070,29,True,TV,SG
1450,108,182,2026-05-28 04:12:43.897130,129,True,TV,SG
1451,283,167,2026-03-25 19:53:07.693103,47,False,Tablet,MY
1452,229,74,2026-03-17 15:03:46.460911,114,True,Web,ID
1453,282,94,2026-01-16 23:55:02.047783,143,False,Tablet,MY
1454,435,106,2025-07-17 12:58:36.137544,141,True,Tablet,PH
1455,25,159,2025-12-14 22:12:53.992493,26,False,Mobile,TH
1456,6,40,2025-08-25 20:42:40.969877,38,True,Mobile,MY
1457,44,58,2025-07-13 23:05:27.076712,111,False,Web,SG
1458,300,165,2026-06-21 19:54:13.464726,148,False,TV,SG
1459,465,28,2026-04-16 13:11:22.570862,113,False,Mobile,SG
1460,200,88,2026-02-08 03:12:58.922245,136,True,Web,SG
1461,290,10,2025-10-07 20:45:37.885712,51,False,Mobile,SG
1462,369,9,2025-07-25 05:52:03.551500,109,True,Tablet,ID
1463,303,55,2025-12-26 18:32:14.944037,25,True,Mobile,ID
1464,271,70,2026-05-02 02:10:05.163705,76,True,Mobile,SG
1465,260,21,2025-10-04 14:09:33.132772,88,False,TV,MY
1466,136,172,2025-08-12 12:24:22.747646,78,True,Mobile,TH
1467,274,88,2025-10-05 17:32:09.065171,88,True,TV,MY
1468,304,138,2026-05-04 10:23:02.551796,53,False,TV,TH
1469,371,100,2025-06-30 07:06:12.638966,14,True,Tablet,SG
1470,461,171,2025-08-04 20:25:07.102199,49,True,Tablet,PH
1471,471,189,2025-08-27 21:13:35.092520,93,True,Tablet,PH
1472,324,82,2026-01-27 05:55:05.622169,41,False,Web,SG
1473,460,1,2025-08-19 07:25:18.654312,127,False,Tablet,ID
1474,413,149,2025-12-05 05:51:28.095984,36,True,Web,SG
1475,444,140,2026-04-16 03:56:27.426156,54,True,Mobile,SG
1476,120,174,2025-09-28 12:40:50.945787,15,True,TV,SG
1477,194,129,2026-03-08 01:25:39.649210,43,False,Web,MY
1478,263,91,2025-12-19 05:16:57.519956,102,False,TV,PH
1479,210,30,2026-04-13 01:42:23.372126,57,True,TV,MY
1480,98,139,2026-05-05 22:48:53.733459,123,True,Tablet,ID
1481,280,163,2025-10-28 07:55:35.677116,84,False,Tablet,TH
1482,59,23,2025-07-25 22:26:46.771395,38,True,Mobile,PH
1483,62,128,2025-08-17 02:15:15.637168,37,True,TV,TH
1484,427,75,2026-06-01 05:18:48.548067,119,True,Tablet,MY
1485,68,51,2025-08-20 09:50:52.274655,132,False,TV,ID
1486,298,106,2025-12-23 05:58:00.801874,113,True,TV,SG
1487,180,69,2026-06-23 00:08:09.674954,79,True,Tablet,TH
1488,430,62,2026-04-02 11:27:44.944892,13,False,TV,SG
1489,93,96,2025-09-20 00:23:36.517848,144,False,Web,SG
1490,371,111,2025-12-02 21:09:34.100976,73,True,TV,ID
1491,250,14,2026-02-12 23:25:47.430863,121,True,Web,PH
1492,104,104,2025-09-10 02:55:22.713462,93,True,TV,SG
1493,78,130,2026-03-20 07:50:11.706579,42,True,Tablet,TH
1494,407,67,2025-10-29 03:27:15.379112,52,False,Mobile,SG
1495,280,3,2026-02-14 16:30:35.891037,51,True,Web,PH
1496,48,147,2026-03-28 00:59:38.976964,109,True,Web,PH
1497,410,162,2025-08-06 11:22:55.535317,103,True,Web,SG
1498,122,138,2025-08-25 07:44:53.473813,74,False,Tablet,MY
1499,165,169,2025-11-17 17:54:16.471594,25,True,Tablet,ID
1500,412,149,2025-10-13 04:18:54.959027,38,True,Tablet,SG
1501,86,73,2026-03-24 15:10:47.777139,79,False,Mobile,MY
1502,228,54,2026-03-26 22:12:19.118256,112,True,Tablet,MY
1503,312,161,2026-01-05 14:33:11.321669,31,True,TV,TH
1504,410,116,2025-11-10 19:50:45.393606,53,True,Mobile,SG
1505,369,162,2026-03-09 19:47:31.208735,20,True,TV,SG
1506,398,154,2025-12-15 10:44:30.108522,13,True,Web,PH
1507,121,156,2025-08-17 02:57:06.895910,19,True,Web,ID
1508,137,94,2026-05-08 23:14:56.756887,41,False,Mobile,SG
1509,50,187,2025-06-29 10:35:30.824451,44,True,TV,PH
1510,220,182,2026-05-29 18:24:48.467921,87,True,Tablet,MY
1511,256,50,2025-12-06 00:51:25.930975,76,True,Web,TH
1512,178,101,2026-02-27 22:06:49.267227,38,True,Tablet,SG
1513,131,185,2026-06-11 09:11:04.338263,136,True,TV,MY
1514,171,82,2026-03-01 12:31:59.464160,39,True,TV,MY
1515,235,162,2025-07-10 02:09:14.048865,28,True,Tablet,PH
1516,161,151,2026-05-26 07:02:51.759473,116,True,Tablet,ID
1517,344,91,2026-02-12 22:06:37.661191,113,True,Mobile,SG
1518,117,92,2026-06-09 08:16:47.196424,74,True,Web,MY
1519,495,81,2025-11-29 19:32:04.980051,43,True,Web,ID
1520,136,120,2026-05-26 09:56:21.548988,94,False,Web,MY
1521,389,55,2026-05-04 14:44:35.373222,146,True,Web,ID
1522,429,20,2025-10-25 10:50:50.019250,119,False,TV,TH
1523,125,51,2025-09-30 15:49:51.689468,24,False,TV,PH
1524,270,31,2025-07-31 00:04:26.666739,43,True,Web,MY
1525,151,148,2026-02-19 02:25:10.189828,17,True,Web,TH
1526,4,119,2025-11-14 23:21:48.056169,84,True,Tablet,SG
1527,346,136,2026-04-03 11:51:34.478150,22,True,Mobile,MY
1528,266,186,2026-03-25 16:57:16.142391,89,True,Web,MY
1529,362,199,2026-03-20 07:25:07.864655,92,True,Mobile,SG
1530,290,127,2026-01-26 03:13:09.031181,43,False,Tablet,SG
1531,142,13,2025-09-04 07:16:30.369504,14,True,Tablet,TH
1532,461,112,2025-10-26 08:13:43.098081,69,True,Mobile,TH
1533,231,138,2026-03-04 05:25:02.991764,13,False,Tablet,SG
1534,497,12,2025-08-29 19:42:34.301503,40,True,TV,SG
1535,439,157,2026-01-11 02:50:36.841164,109,True,Mobile,SG
1536,296,31,2026-02-25 20:13:22.668124,44,True,Mobile,MY
1537,265,164,2026-04-24 20:59:37.979946,126,True,Web,SG
1538,306,170,2025-06-29 11:27:15.089856,137,False,TV,ID
1539,143,24,2025-07-30 19:00:25.960306,79,False,Web,MY
1540,154,169,2025-08-02 01:25:46.754204,64,False,Mobile,MY
1541,134,4,2025-12-04 23:37:32.382037,67,True,TV,MY
1542,213,54,2025-09-13 05:57:15.065072,147,True,TV,PH
1543,451,117,2025-10-06 13:55:01.241119,51,False,Mobile,SG
1544,229,99,2025-09-03 15:05:31.800858,127,False,Web,ID
1545,119,18,2025-07-03 18:21:21.565025,83,True,Web,PH
1546,375,166,2025-07-28 16:32:18.781782,38,True,Tablet,ID
1547,153,5,2026-06-02 21:19:01.279675,129,True,Mobile,ID
1548,288,91,2026-02-19 22:14:59.005478,79,True,Web,MY
1549,134,39,2026-04-26 06:02:15.427881,113,True,TV,SG
1550,171,95,2026-06-07 06:21:41.157912,37,True,TV,PH
1551,122,76,2026-02-13 03:53:05.153096,60,True,Web,MY
1552,320,133,2026-03-10 17:25:11.182834,122,True,Mobile,SG
1553,66,57,2025-08-07 22:17:37.979302,41,True,Mobile,SG
1554,39,137,2026-05-03 21:57:28.992220,37,True,Tablet,ID
1555,260,101,2025-08-11 13:20:20.893890,112,True,Web,TH
1556,169,127,2026-02-19 20:24:04.016367,64,True,Mobile,ID
1557,450,153,2026-05-19 18:53:10.844906,85,False,Mobile,MY
1558,446,160,2026-01-17 20:37:35.814749,134,False,Tablet,ID
1559,102,81,2026-06-13 08:32:38.628019,29,True,TV,MY
1560,8,171,2026-05-18 08:44:18.904753,133,True,Mobile,PH
1561,47,44,2026-03-06 04:32:10.064726,14,True,Tablet,MY
1562,315,64,2025-09-25 15:17:01.031411,132,True,Tablet,MY
1563,184,59,2025-12-12 15:49:25.876194,146,True,Web,ID
1564,60,78,2026-06-02 00:57:02.112571,97,True,Web,PH
1565,163,170,2026-02-13 09:59:59.847964,136,True,TV,TH
1566,191,182,2026-05-28 02:43:46.857303,97,False,Tablet,TH
1567,386,124,2025-10-04 01:18:55.105752,40,True,Web,ID
1568,90,106,2025-11-28 01:26:14.395034,68,True,Mobile,MY
1569,155,148,2026-05-21 01:30:58.845154,122,True,Web,SG
1570,239,164,2026-04-02 07:11:27.978915,39,False,Tablet,ID
1571,287,135,2025-10-21 05:29:10.681871,56,True,Web,TH
1572,248,151,2025-08-23 06:21:31.301627,118,False,TV,SG
1573,377,134,2025-07-22 03:14:37.688468,99,False,Mobile,ID
1574,369,89,2026-04-04 22:31:39.317138,85,True,Mobile,PH
1575,90,120,2025-11-11 22:07:39.061163,50,True,TV,MY
1576,98,78,2025-10-24 14:34:29.711692,136,True,Tablet,SG
1577,24,56,2025-07-17 01:03:46.894028,84,False,Mobile,MY
1578,4,111,2026-06-09 03:12:48.770297,102,True,Mobile,SG
1579,221,73,2025-09-29 18:35:30.877393,140,True,Tablet,SG
1580,52,183,2025-12-03 00:34:35.686209,81,True,Web,MY
1581,49,75,2025-12-21 16:55:06.599041,68,True,Tablet,SG
1582,433,164,2026-05-30 06:22:04.666534,110,True,Tablet,SG
1583,165,78,2026-02-03 00:21:47.463794,91,True,TV,TH
1584,377,36,2025-08-29 06:47:04.452001,63,True,TV,SG
1585,193,22,2025-12-21 19:51:34.138191,88,True,Web,MY
1586,237,112,2025-08-16 15:45:21.666926,36,True,TV,SG
1587,436,183,2026-04-01 20:54:26.062872,103,True,TV,MY
1588,263,119,2025-09-12 20:55:37.069588,19,False,Mobile,ID
1589,53,194,2026-02-15 01:57:04.693761,47,True,TV,SG
1590,333,96,2026-05-24 10:19:00.316363,44,True,Tablet,TH
1591,32,194,2026-03-13 09:37:50.961580,112,True,Web,MY
1592,484,133,2025-08-01 19:59:36.250325,129,False,Mobile,SG
1593,418,28,2025-07-21 17:47:53.517381,97,True,Tablet,MY
1594,440,85,2026-01-19 18:52:21.440062,27,True,Web,MY
1595,458,14,2025-09-24 15:16:14.867777,64,True,Web,PH
1596,83,58,2025-12-04 23:05:54.212294,51,True,TV,PH
1597,5,125,2026-05-18 13:12:56.903196,63,True,Mobile,ID
1598,73,134,2025-08-18 11:25:27.072584,36,True,Mobile,SG
1599,328,114,2026-02-13 23:37:43.044120,112,True,Mobile,MY
1600,115,61,2026-05-31 20:07:32.949535,78,False,Web,TH
1601,401,32,2026-02-22 20:22:42.926470,122,True,Mobile,SG
1602,472,169,2025-09-30 10:07:17.695324,73,True,Web,MY
1603,304,123,2026-03-07 19:07:09.110960,86,True,Mobile,MY
1604,231,171,2026-05-21 12:15:48.999745,82,True,Web,SG
1605,268,109,2026-01-20 23:45:42.718618,49,True,TV,MY
1606,7,149,2025-12-30 08:19:37.363413,89,True,Web,ID
1607,284,11,2026-06-03 09:38:17.601400,102,False,TV,ID
1608,175,3,2025-12-21 07:46:53.987206,52,True,Tablet,MY
1609,220,181,2025-12-01 08:58:48.692917,146,True,Mobile,ID
1610,223,168,2026-04-29 09:20:08.313824,98,True,Tablet,SG
1611,497,196,2026-04-06 08:06:35.908075,89,False,Mobile,TH
1612,309,97,2026-04-07 23:04:15.126791,132,True,Mobile,ID
1613,329,199,2026-01-08 09:14:31.328988,146,True,Web,MY
1614,378,90,2025-06-26 07:35:41.495675,115,True,Mobile,ID
1615,147,25,2026-06-08 14:30:00.354380,39,True,Web,SG
1616,147,198,2026-04-19 20:47:25.494409,72,True,Tablet,ID
1617,244,194,2025-12-18 04:16:52.277857,119,False,Mobile,SG
1618,23,192,2026-01-18 06:55:37.542714,30,True,TV,ID
1619,18,45,2026-06-01 14:57:31.460083,94,True,TV,SG
1620,412,147,2025-11-03 04:47:42.877990,63,True,TV,ID
1621,143,52,2026-03-01 03:24:42.304021,53,True,Web,ID
1622,52,150,2025-11-18 10:17:47.433334,18,True,Web,SG
1623,85,2,2026-02-11 00:57:09.201956,104,False,Web,TH
1624,213,48,2026-06-10 07:25:24.268275,147,True,Tablet,MY
1625,303,129,2025-07-28 05:22:05.788403,102,True,Tablet,TH
1626,40,113,2026-01-06 09:00:32.899203,121,True,Tablet,MY
1627,79,133,2026-06-11 01:50:45.013418,88,True,TV,SG
1628,349,85,2025-07-24 11:52:05.513379,17,True,Tablet,PH
1629,158,100,2025-12-09 23:41:29.741673,103,True,Tablet,PH
1630,46,137,2026-04-01 01:37:45.427776,73,False,Tablet,MY
1631,256,159,2026-02-16 16:59:51.171253,26,True,Tablet,MY
1632,166,168,2025-08-28 14:47:49.208174,19,True,TV,SG
1633,486,16,2025-07-09 11:22:15.745732,47,True,Tablet,SG
1634,479,170,2025-11-12 10:05:23.677962,27,True,Mobile,PH
1635,393,180,2025-09-02 20:53:28.324170,21,True,Mobile,MY
1636,469,157,2026-03-06 06:32:25.353082,32,False,TV,SG
1637,461,11,2026-05-18 12:45:45.576439,38,True,TV,ID
1638,276,123,2026-02-10 10:26:27.999013,89,False,Tablet,SG
1639,33,7,2025-11-03 07:48:00.366249,62,True,Tablet,ID
1640,468,5,2025-07-26 02:29:15.025123,135,True,Tablet,ID
1641,276,180,2026-02-11 05:29:59.022363,121,True,Mobile,SG
1642,401,95,2026-03-20 16:16:43.118228,102,True,TV,SG
1643,147,24,2025-08-15 05:18:34.783953,14,True,Web,TH
1644,347,146,2025-09-03 15:12:27.954147,23,False,Mobile,ID
1645,34,20,2026-03-14 23:39:46.708342,26,True,Mobile,SG
1646,221,155,2026-01-27 16:13:14.348930,74,False,Mobile,MY
1647,422,32,2025-12-20 19:05:54.438033,31,True,Tablet,SG
1648,450,189,2025-07-18 02:46:53.821517,103,False,Tablet,MY
1649,191,94,2026-01-08 12:57:10.248332,86,False,Mobile,TH
1650,202,179,2025-10-15 12:05:54.127603,140,True,TV,MY
1651,404,125,2026-01-06 02:59:37.095577,83,True,Tablet,TH
1652,338,60,2026-04-25 19:26:28.231078,90,False,Mobile,MY
1653,86,10,2025-12-06 05:07:23.140512,72,False,Web,MY
1654,68,6,2026-06-23 19:50:30.898780,139,False,TV,MY
1655,190,22,2025-07-08 15:18:38.071295,27,True,Web,MY
1656,243,99,2025-07-15 13:57:47.577714,125,True,Mobile,SG
1657,276,137,2026-04-08 20:04:51.158158,25,True,Mobile,ID
1658,16,156,2025-07-10 17:54:18.929155,98,False,Tablet,TH
1659,383,56,2025-08-07 06:36:11.388572,19,True,Tablet,MY
1660,273,187,2026-04-15 21:28:50.568786,26,False,Web,PH
1661,433,74,2026-02-23 20:08:20.041181,148,True,Web,MY
1662,337,67,2025-12-09 12:34:04.590831,53,False,TV,PH
1663,151,34,2026-02-27 18:28:14.861962,15,True,Web,SG
1664,157,198,2026-05-10 10:06:58.632620,87,True,TV,ID
1665,228,69,2025-08-18 12:17:42.365243,76,False,Tablet,ID
1666,76,79,2026-01-22 17:00:31.696145,94,False,Tablet,MY
1667,11,113,2026-05-28 21:19:00.420132,14,True,Tablet,MY
1668,362,56,2025-07-08 13:51:50.815165,116,True,Tablet,SG
1669,393,142,2025-08-15 19:45:05.152216,92,False,TV,SG
1670,500,71,2026-02-18 21:56:00.879045,78,False,Mobile,ID
1671,90,159,2025-12-14 05:12:05.645219,24,True,Web,SG
1672,329,113,2026-05-26 09:44:17.618886,93,True,Web,SG
1673,454,67,2025-07-11 20:05:23.950734,77,True,Tablet,TH
1674,349,184,2026-03-08 06:00:10.327711,23,True,TV,SG
1675,284,29,2025-08-11 18:51:56.795444,142,True,Mobile,MY
1676,434,107,2025-08-27 00:29:48.501965,30,True,Tablet,SG
1677,206,156,2025-07-13 08:31:23.334618,104,True,TV,ID
1678,301,76,2025-10-15 08:38:55.140591,19,True,Mobile,PH
1679,383,7,2026-04-10 23:57:41.993286,39,True,Tablet,MY
1680,495,190,2025-12-08 17:24:28.766255,142,False,Web,PH
1681,239,150,2025-08-26 10:49:31.951422,20,True,Mobile,ID
1682,418,21,2026-01-26 23:32:23.799305,31,False,Tablet,MY
1683,374,162,2026-04-19 19:14:36.310449,119,True,Mobile,TH
1684,31,156,2025-08-02 22:40:37.615114,132,True,Web,SG
1685,122,148,2025-12-23 16:26:38.074289,87,False,TV,ID
1686,228,60,2026-04-12 23:58:53.508950,128,True,Tablet,ID
1687,284,188,2025-09-13 16:05:20.916388,116,True,TV,MY
1688,228,168,2026-04-14 22:14:59.699741,135,True,TV,MY
1689,370,33,2025-11-27 18:40:14.647672,74,False,TV,MY
1690,84,156,2026-04-17 12:12:06.893947,78,False,TV,SG
1691,262,108,2026-06-18 20:16:09.400999,141,False,Web,ID
1692,491,51,2026-02-27 21:16:33.454527,58,False,Mobile,SG
1693,166,196,2025-10-21 12:46:08.435481,132,False,Mobile,SG
1694,276,7,2026-06-16 12:41:55.998097,54,False,Mobile,TH
1695,246,109,2026-01-21 11:23:30.893558,102,True,Web,SG
1696,187,31,2025-08-14 06:23:59.683376,98,False,Tablet,MY
1697,401,28,2026-04-26 14:31:20.934615,23,True,Tablet,PH
1698,262,162,2026-04-10 18:44:32.019662,127,False,TV,ID
1699,446,35,2026-03-31 05:38:29.527703,58,False,Web,TH
1700,330,22,2026-01-27 17:26:46.755703,50,False,Web,MY
1701,418,117,2025-10-25 15:32:54.561057,109,True,Mobile,ID
1702,178,198,2025-08-08 05:01:45.536978,36,True,TV,SG
1703,337,135,2025-08-15 16:39:04.493742,142,False,TV,SG
1704,202,194,2025-11-23 17:44:47.409108,57,False,Mobile,PH
1705,465,54,2026-03-06 10:09:54.286612,122,True,Web,ID
1706,59,89,2026-01-13 05:38:33.632858,84,True,TV,MY
1707,142,44,2025-12-02 07:48:08.062235,85,False,TV,ID
1708,63,60,2026-05-29 04:51:10.340724,83,True,Mobile,TH
1709,477,44,2025-07-09 23:21:36.264871,19,True,Mobile,TH
1710,348,50,2025-07-31 14:53:51.072335,13,True,Tablet,MY
1711,179,147,2026-04-30 14:24:59.570455,121,False,Web,TH
1712,188,29,2026-02-03 19:07:06.898633,42,True,TV,SG
1713,84,72,2026-04-05 03:23:54.996557,41,False,Tablet,ID
1714,141,187,2025-06-30 19:36:54.079642,31,True,TV,SG
1715,408,189,2025-12-19 23:14:36.043595,143,True,Mobile,ID
1716,23,111,2025-06-27 10:15:43.974128,37,False,Tablet,SG
1717,363,170,2025-08-29 15:17:36.136459,21,False,Web,SG
1718,381,97,2025-07-27 15:59:38.578060,68,True,TV,SG
1719,117,188,2026-02-18 03:44:17.460065,139,True,Mobile,TH
1720,336,186,2026-05-15 01:05:18.989484,66,True,Mobile,MY
1721,132,182,2025-11-24 03:06:27.414987,57,True,Web,ID
1722,409,150,2026-04-16 00:10:53.118360,72,True,TV,ID
1723,110,77,2026-04-03 06:42:09.436430,71,False,Web,MY
1724,408,101,2026-03-04 23:39:01.063642,103,True,TV,SG
1725,477,196,2025-09-08 09:45:15.591736,85,True,TV,SG
1726,272,30,2026-02-13 19:09:42.818694,57,True,TV,SG
1727,444,102,2026-01-02 03:51:26.076476,44,False,TV,TH
1728,315,154,2025-11-22 14:22:15.730985,117,False,Mobile,SG
1729,137,105,2026-06-02 17:40:18.181206,27,True,TV,ID
1730,263,101,2026-02-03 02:25:58.125183,125,True,TV,SG
1731,310,187,2025-07-08 20:22:54.654385,68,True,Tablet,SG
1732,262,57,2025-08-29 20:26:39.216413,54,True,Tablet,SG
1733,398,157,2025-12-24 16:29:54.124316,96,True,Web,PH
1734,13,98,2026-06-07 04:41:17.130519,35,False,TV,MY
1735,487,142,2026-02-09 04:24:53.448102,28,True,Web,MY
1736,125,41,2026-04-06 22:32:18.085958,113,False,Mobile,TH
1737,235,85,2025-10-30 03:48:15.175622,117,True,Web,PH
1738,21,6,2025-06-26 18:39:47.586239,146,True,TV,MY
1739,95,73,2025-09-19 04:09:29.945590,89,True,Web,ID
1740,20,70,2025-08-07 00:38:55.339251,43,False,TV,MY
1741,470,70,2026-01-04 18:12:02.530886,33,True,TV,ID
1742,466,107,2025-07-30 01:20:42.150414,17,True,Tablet,ID
1743,92,25,2025-11-04 06:56:35.927102,112,True,Web,SG
1744,204,109,2026-03-30 02:28:14.907688,143,False,TV,MY
1745,60,68,2026-01-08 05:41:02.745501,132,True,TV,SG
1746,261,144,2025-09-13 04:43:31.060950,83,True,Tablet,MY
1747,155,98,2026-04-02 11:08:32.933671,16,False,Web,PH
1748,484,140,2026-02-20 22:06:25.075016,39,True,Web,SG
1749,489,60,2025-10-04 01:41:32.732269,126,True,Web,ID
1750,209,37,2025-09-03 20:41:51.120703,33,True,Mobile,TH
1751,315,152,2026-04-12 01:31:17.240305,75,True,TV,TH
1752,339,186,2026-03-02 09:17:08.253726,71,True,TV,MY
1753,470,87,2026-06-13 20:53:20.896368,50,True,Web,MY
1754,4,69,2025-12-15 09:11:32.741879,65,False,Tablet,MY
1755,197,167,2025-08-28 12:12:56.155274,72,True,Web,MY
1756,469,188,2026-02-24 20:54:46.219046,32,False,TV,SG
1757,79,194,2025-07-10 20:32:39.649160,15,True,Web,SG
1758,281,30,2026-02-15 15:17:55.177222,21,False,TV,ID
1759,340,125,2025-10-07 05:24:37.801025,47,False,Web,MY
1760,188,31,2025-11-30 20:49:50.261771,123,False,Web,TH
1761,170,134,2025-10-25 04:56:59.360586,94,True,TV,ID
1762,86,75,2026-04-15 04:23:13.947469,145,False,Tablet,PH
1763,234,133,2026-03-29 02:37:33.693702,76,True,Mobile,SG
1764,473,185,2025-07-10 22:18:50.364279,46,True,Web,MY
1765,200,107,2026-03-22 12:55:12.163990,57,True,Mobile,PH
1766,196,180,2026-05-28 21:42:57.323444,60,True,Mobile,MY
1767,57,16,2025-08-28 08:23:30.818130,131,True,Mobile,ID
1768,143,89,2026-04-08 00:02:16.244713,15,False,TV,TH
1769,273,150,2025-12-19 06:32:06.418133,90,True,Tablet,PH
1770,366,139,2025-08-06 12:00:07.260747,63,True,Mobile,ID
1771,178,46,2026-05-18 00:39:09.221442,79,True,Mobile,MY
1772,416,197,2026-03-15 14:14:58.562785,110,True,Tablet,MY
1773,175,189,2026-01-27 14:07:39.666559,133,True,Mobile,SG
1774,137,24,2025-10-22 03:59:54.266337,49,True,TV,SG
1775,47,14,2025-09-05 16:48:37.318894,47,True,TV,ID
1776,206,78,2026-02-27 07:43:49.101109,140,False,Mobile,MY
1777,492,99,2025-10-22 01:28:46.267820,133,True,Tablet,SG
1778,48,155,2026-04-05 14:54:49.228657,66,False,Tablet,TH
1779,453,37,2025-10-22 05:24:00.516177,123,True,TV,ID
1780,436,31,2025-07-30 22:12:35.981441,123,True,Mobile,TH
1781,299,198,2026-03-21 13:31:26.642214,100,False,Mobile,MY
1782,120,98,2026-05-08 19:49:04.412136,107,True,Web,SG
1783,283,93,2025-11-09 06:25:48.423707,146,True,Web,SG
1784,231,65,2025-09-13 16:52:48.408773,140,False,Web,SG
1785,173,165,2025-12-14 03:11:27.288163,134,True,Tablet,ID
1786,173,161,2025-12-19 00:48:18.407154,26,False,Tablet,TH
1787,302,156,2026-05-16 08:24:53.357488,128,True,TV,TH
1788,475,140,2025-08-17 01:07:25.454808,38,True,Mobile,TH
1789,93,181,2026-05-30 00:14:20.771389,57,False,Mobile,MY
1790,73,15,2025-12-08 06:56:38.848331,125,True,Mobile,SG
1791,353,72,2025-11-13 13:50:52.144614,61,True,Web,SG
1792,430,82,2025-08-13 22:17:36.411506,55,False,Web,PH
1793,336,4,2026-03-15 00:23:00.084376,115,True,Web,SG
1794,121,195,2026-02-10 22:44:55.532497,140,True,TV,SG
1795,27,71,2026-06-16 10:05:31.715562,62,False,TV,ID
1796,3,80,2025-09-06 23:08:07.696327,82,True,Mobile,MY
1797,444,23,2025-08-10 13:42:40.074542,130,True,Tablet,SG
1798,52,48,2026-03-04 22:21:16.936204,93,True,Tablet,ID
1799,7,56,2025-07-16 21:29:45.568444,107,True,Tablet,PH
1800,194,175,2025-08-13 23:08:33.778535,60,False,Web,SG
1801,240,181,2026-05-02 03:58:29.338046,85,True,Mobile,SG
1802,143,49,2025-12-09 14:23:46.070458,81,False,Mobile,SG
1803,445,113,2025-08-26 15:18:46.754485,79,True,TV,MY
1804,491,165,2025-10-28 14:18:29.387628,145,True,Web,TH
1805,21,150,2026-05-14 20:39:05.916144,110,True,Web,PH
1806,279,89,2026-01-31 13:55:53.350807,85,True,Web,MY
1807,471,69,2026-04-09 11:34:57.134804,35,True,Mobile,SG
1808,165,9,2026-02-13 03:09:04.760619,41,True,Web,MY
1809,300,151,2026-02-03 11:06:42.506257,94,True,TV,MY
1810,20,83,2025-08-26 04:13:01.207751,38,True,Tablet,SG
1811,270,122,2026-06-14 10:34:52.647345,97,True,Tablet,SG
1812,226,79,2026-05-03 09:21:48.193198,53,True,Mobile,SG
1813,401,117,2025-07-26 16:36:59.675184,123,False,TV,SG
1814,461,96,2026-05-04 02:37:46.820559,98,True,TV,SG
1815,148,196,2025-12-20 18:55:50.066095,141,True,TV,SG
1816,375,103,2026-06-23 18:21:28.639944,19,True,Mobile,SG
1817,386,179,2026-01-27 04:15:33.378109,146,True,Tablet,ID
1818,80,170,2026-04-26 19:26:53.735929,97,False,Mobile,SG
1819,487,37,2025-10-05 01:44:53.706650,100,True,Mobile,SG
1820,90,52,2026-03-18 17:45:49.558644,56,True,Mobile,SG
1821,129,112,2026-03-20 23:46:13.906003,35,False,Mobile,MY
1822,493,96,2025-09-23 04:42:52.749045,13,True,TV,MY
1823,437,101,2025-10-22 15:36:03.803765,66,False,Web,TH
1824,450,63,2026-01-22 18:04:20.087566,36,True,TV,PH
1825,256,198,2026-05-16 20:06:23.234932,95,False,Tablet,ID
1826,272,153,2026-01-27 05:55:53.164338,112,True,TV,ID
1827,381,7,2025-08-18 12:26:09.551071,68,False,Mobile,SG
1828,228,88,2026-01-20 15:31:36.211414,140,False,Web,ID
1829,47,166,2025-06-26 23:06:43.890710,70,True,Mobile,SG
1830,279,24,2026-06-18 02:39:41.022501,98,True,Mobile,SG
1831,196,100,2025-07-09 17:44:53.183389,135,True,Tablet,MY
1832,98,102,2025-12-14 00:13:52.806170,144,False,TV,SG
1833,437,188,2026-04-01 20:01:20.963508,37,True,TV,TH
1834,97,82,2025-07-07 09:18:46.959381,44,True,TV,MY
1835,310,168,2026-01-05 02:17:20.100454,114,True,Mobile,MY
1836,470,163,2025-12-17 03:45:48.010553,41,True,Tablet,MY
1837,234,200,2026-04-12 13:50:00.027572,133,False,Tablet,PH
1838,67,46,2026-04-21 01:50:45.388191,120,True,TV,ID
1839,91,2,2025-12-07 08:35:44.812300,98,False,Web,SG
1840,334,158,2025-09-20 22:52:09.674224,128,True,TV,SG
1841,315,118,2026-01-15 02:09:57.759362,105,True,Web,MY
1842,272,87,2025-06-29 15:30:01.062876,87,False,Mobile,SG
1843,187,92,2026-03-19 09:15:58.569453,118,True,TV,ID
1844,386,29,2026-06-07 01:29:45.160991,103,False,Web,MY
1845,105,22,2025-08-12 13:55:29.604476,148,True,Web,ID
1846,276,71,2025-10-11 03:25:52.454484,100,False,Web,SG
1847,466,135,2026-02-16 15:39:42.765832,129,True,TV,SG
1848,392,186,2025-07-28 05:54:59.034877,37,True,Tablet,SG
1849,412,192,2025-12-17 08:15:55.934394,89,True,Mobile,PH
1850,163,185,2025-10-14 10:43:40.179533,32,False,TV,SG
1851,121,147,2026-03-08 23:36:06.052544,78,False,Web,MY
1852,154,178,2026-05-04 10:56:33.572678,24,True,TV,ID
1853,280,71,2026-03-25 01:08:21.001243,59,True,Web,ID
1854,110,174,2025-07-04 00:36:21.545292,84,True,TV,SG
1855,266,169,2025-12-08 05:37:42.973816,45,True,TV,ID
1856,411,82,2026-04-03 00:19:25.576901,36,True,Mobile,SG
1857,38,157,2026-05-10 09:37:20.254323,85,False,Web,MY
1858,270,163,2025-11-20 03:53:42.252029,96,True,TV,MY
1859,215,88,2026-04-09 14:18:54.876784,93,True,TV,MY
1860,471,128,2025-11-07 09:37:12.684238,65,True,Mobile,MY
1861,259,9,2025-12-11 16:30:31.588683,32,True,Web,SG
1862,132,192,2026-02-11 10:51:21.253504,147,True,TV,SG
1863,431,120,2026-05-05 08:30:40.176462,19,True,Web,ID
1864,368,111,2025-07-20 22:19:48.801867,118,False,Mobile,PH
1865,362,191,2026-05-17 10:14:06.765087,137,False,TV,MY
1866,239,156,2025-10-24 16:46:43.121708,43,True,Mobile,PH
1867,371,75,2025-07-07 01:22:04.596793,57,False,Tablet,PH
1868,258,141,2025-11-27 15:57:36.960936,116,True,Mobile,TH
1869,177,82,2025-10-01 15:30:44.258115,104,True,Web,ID
1870,410,196,2026-06-05 15:50:57.720084,93,True,Web,SG
1871,259,127,2026-01-09 05:27:33.451391,130,True,Tablet,SG
1872,106,103,2026-04-11 06:48:48.274309,85,True,Tablet,ID
1873,421,45,2026-04-08 19:19:15.574894,37,True,Web,PH
1874,263,49,2025-07-24 16:16:15.101608,19,True,Mobile,ID
1875,49,154,2026-05-12 19:53:56.060071,116,False,TV,SG
1876,370,161,2026-03-20 20:06:20.855641,132,False,Tablet,SG
1877,388,168,2025-07-15 03:04:09.564361,111,True,Tablet,TH
1878,97,118,2026-06-05 09:04:16.040343,106,False,Mobile,MY
1879,453,52,2026-02-26 12:26:57.558255,94,True,Mobile,SG
1880,375,119,2026-05-15 10:24:16.352075,129,True,Web,PH
1881,106,119,2025-08-04 15:18:33.925203,140,True,Tablet,TH
1882,96,63,2025-11-05 15:17:06.219784,130,False,Mobile,ID
1883,435,174,2026-02-06 05:46:42.842897,116,False,Tablet,TH
1884,42,107,2025-11-05 15:06:44.079578,78,False,Web,ID
1885,391,166,2025-08-28 02:57:19.171767,148,False,TV,TH
1886,35,75,2026-01-15 04:49:34.963374,113,False,Web,SG
1887,256,184,2025-07-19 13:57:39.943501,142,True,TV,ID
1888,62,38,2026-03-11 04:28:56.734250,79,False,Web,ID
1889,460,44,2025-09-07 21:03:53.256223,105,True,TV,TH
1890,309,54,2026-06-18 12:01:10.392967,79,True,Web,SG
1891,452,126,2025-09-20 06:24:01.283946,74,False,TV,ID
1892,208,116,2025-08-05 14:01:21.691499,78,True,Web,ID
1893,90,134,2025-12-16 20:57:43.953255,85,True,Tablet,MY
1894,454,75,2026-06-03 02:56:55.369962,90,False,Mobile,ID
1895,304,183,2026-01-22 23:47:26.292136,124,True,Mobile,TH
1896,79,38,2026-06-10 09:52:35.238533,86,False,TV,SG
1897,134,150,2025-09-09 17:36:25.102412,89,True,Mobile,MY
1898,330,191,2026-03-24 05:14:27.779454,144,True,Web,SG
1899,217,165,2025-09-15 10:43:55.034888,51,True,TV,MY
1900,239,125,2025-10-31 22:23:21.033489,55,False,TV,MY
1901,240,4,2025-09-30 18:11:53.163710,28,True,TV,SG
1902,177,156,2026-02-28 13:18:27.620295,42,True,TV,MY
1903,412,4,2025-10-04 07:59:34.138477,146,False,Web,MY
1904,19,103,2025-07-18 06:04:56.485675,37,False,TV,SG
1905,346,190,2025-10-29 04:46:36.101577,32,False,Mobile,MY
1906,156,63,2025-12-19 16:45:06.081856,77,False,Mobile,PH
1907,155,59,2026-01-03 11:22:35.735880,128,True,Tablet,SG
1908,177,24,2025-08-08 22:14:41.221563,60,False,Tablet,TH
1909,81,134,2026-03-11 08:45:41.242957,89,True,Mobile,MY
1910,378,123,2026-02-27 20:29:27.694805,130,True,Tablet,SG
1911,410,19,2026-01-05 17:29:11.243337,62,True,TV,MY
1912,60,139,2025-10-09 20:31:21.033812,67,True,TV,SG
1913,276,29,2026-02-06 21:42:47.228078,125,False,Mobile,TH
1914,398,194,2026-04-13 06:22:07.162447,128,False,TV,MY
1915,170,127,2026-06-05 09:26:55.900347,57,True,TV,SG
1916,416,77,2026-04-16 12:18:49.956945,79,False,Mobile,SG
1917,366,129,2026-06-03 18:05:43.974826,91,True,Mobile,ID
1918,111,125,2025-07-19 01:52:44.570608,13,True,Tablet,MY
1919,98,46,2026-05-16 20:48:46.239414,28,False,Web,SG
1920,283,88,2025-12-09 08:13:04.723935,58,True,Mobile,SG
1921,194,129,2025-07-24 09:21:28.253577,90,True,Web,SG
1922,190,157,2026-05-19 01:46:52.442223,65,True,Mobile,SG
1923,487,102,2025-10-08 10:24:32.774868,55,False,Web,SG
1924,336,122,2026-06-09 12:09:55.477851,118,False,TV,PH
1925,302,78,2025-08-04 01:16:11.926785,106,True,TV,MY
1926,472,81,2025-10-03 21:27:04.077653,127,True,Web,ID
1927,4,196,2026-03-06 17:03:28.142469,115,True,TV,ID
1928,85,117,2025-12-23 09:18:06.859064,82,True,Web,SG
1929,455,66,2026-05-10 16:34:59.506183,87,False,Mobile,MY
1930,243,84,2026-01-01 06:49:34.373634,63,False,Web,MY
1931,173,28,2026-02-09 05:09:21.355541,31,True,TV,MY
1932,460,152,2025-10-10 04:27:22.682644,132,False,Tablet,ID
1933,247,177,2026-06-14 05:39:41.859407,136,True,Tablet,MY
1934,35,26,2026-01-08 20:41:32.032937,26,True,TV,MY
1935,180,29,2025-08-12 07:55:24.821938,132,True,Web,SG
1936,492,188,2025-10-29 17:41:40.158837,117,False,Tablet,MY
1937,372,52,2025-12-04 05:22:26.483863,34,True,TV,MY
1938,424,67,2026-02-15 13:45:08.725229,147,False,Web,SG
1939,489,18,2025-10-09 13:58:10.607640,92,False,TV,ID
1940,473,55,2025-07-18 02:24:13.023991,59,True,Mobile,MY
1941,125,174,2026-05-09 12:32:15.661645,78,True,Web,SG
1942,73,165,2025-09-17 23:08:07.365575,117,True,Tablet,ID
1943,342,16,2026-06-06 03:42:40.877761,143,True,Web,PH
1944,328,84,2026-02-15 13:38:37.095884,137,True,TV,SG
1945,46,145,2025-11-22 11:23:39.223289,35,False,Tablet,MY
1946,333,23,2025-10-28 07:26:23.750572,131,True,Tablet,ID
1947,487,176,2026-02-16 01:43:59.995816,122,False,TV,TH
1948,469,39,2025-10-22 06:55:37.354002,96,True,Web,SG
1949,342,200,2026-01-27 19:49:50.251469,122,False,TV,SG
1950,405,100,2026-03-06 15:08:32.044792,16,True,TV,SG
1951,142,150,2026-04-28 14:33:56.402079,95,True,Web,SG
1952,374,91,2025-12-04 17:36:47.627660,51,True,Mobile,SG
1953,60,7,2025-10-14 04:06:58.070984,148,True,Tablet,ID
1954,349,90,2025-08-12 07:16:57.493243,29,True,TV,SG
1955,132,52,2026-04-09 09:50:26.711315,89,True,Tablet,SG
1956,138,198,2025-08-26 20:00:35.128782,102,True,Tablet,PH
1957,76,97,2025-09-28 01:45:58.698609,18,True,Web,ID
1958,240,13,2025-12-18 23:21:44.063921,126,True,Mobile,ID
1959,383,32,2026-06-14 15:44:14.523490,35,False,TV,MY
1960,336,32,2026-04-02 06:02:41.240523,53,False,Mobile,MY
1961,390,92,2025-07-12 09:23:23.186915,93,True,Mobile,SG
1962,329,93,2025-11-01 01:58:34.870921,134,True,Mobile,MY
1963,5,98,2025-12-08 15:08:45.369420,119,True,Tablet,MY
1964,195,17,2025-08-24 20:54:07.560108,123,False,Web,SG
1965,447,22,2026-05-28 15:19:10.208498,111,False,Mobile,PH
1966,464,166,2026-03-12 02:10:40.804378,94,True,Tablet,SG
1967,6,33,2025-10-07 07:00:23.089301,144,True,Web,ID
1968,36,153,2026-06-15 13:29:39.632163,65,False,Web,MY
1969,266,41,2026-04-27 15:59:00.143468,119,True,Tablet,PH
1970,470,172,2026-03-05 04:02:29.035996,58,True,Tablet,ID
1971,18,128,2026-02-23 11:43:11.300779,64,True,Web,TH
1972,167,160,2025-08-20 04:00:51.318955,94,True,Mobile,SG
1973,301,9,2025-09-20 00:01:27.514344,48,False,Mobile,MY
1974,387,185,2025-07-10 03:19:37.648422,146,True,Mobile,SG
1975,142,24,2025-10-18 18:04:09.973978,119,False,Mobile,MY
1976,266,138,2025-08-10 07:14:23.231074,124,True,Web,ID
1977,196,122,2025-09-28 05:16:13.176101,132,False,TV,SG
1978,349,94,2025-08-31 11:51:21.965250,36,True,Web,TH
1979,124,33,2026-01-16 13:13:53.412542,68,True,Tablet,SG
1980,423,22,2025-07-07 18:40:46.412740,36,False,TV,ID
1981,157,58,2025-10-18 20:51:22.703893,76,True,Web,SG
1982,297,172,2025-10-28 16:41:01.480284,145,True,Tablet,SG
1983,81,84,2025-11-08 07:29:10.186101,120,True,Mobile,ID
1984,20,192,2026-01-08 06:56:39.653949,110,True,Tablet,PH
1985,9,37,2025-08-23 11:53:41.792156,20,False,Mobile,MY
1986,7,147,2025-10-13 06:00:14.035037,135,True,TV,ID
1987,375,104,2026-05-27 06:54:23.984228,127,False,TV,SG
1988,282,31,2025-11-19 20:53:58.681933,83,True,Web,SG
1989,117,66,2025-12-24 12:22:19.767028,99,False,TV,MY
1990,425,25,2025-08-17 05:00:12.928214,99,False,TV,ID
1991,273,165,2025-12-09 09:40:42.585653,18,False,Mobile,SG
1992,294,29,2025-10-20 01:33:24.709240,42,True,TV,TH
1993,194,116,2025-06-26 16:14:46.274983,123,True,Tablet,PH
1994,328,47,2026-03-21 20:04:23.166125,113,False,Tablet,MY
1995,86,175,2026-06-16 10:29:16.339326,68,False,Mobile,ID
1996,341,154,2025-10-24 02:31:47.890259,50,True,Web,SG
1997,345,93,2026-03-09 18:25:14.220642,70,False,Tablet,SG
1998,96,26,2025-12-15 04:47:26.016831,54,True,Tablet,SG
1999,475,184,2025-10-08 23:09:31.888905,50,True,Tablet,MY
2000,128,72,2026-06-04 21:33:51.385023,24,False,Tablet,SG
